001	4	1	The Generations of Adam	<ref onclick="bcv(1,5,1)">Gen 5:1</ref>；<ref onclick="bcv(13,1,1,1,4)">1Chr 1:1-4</ref>
002	4	2	The Generations of Japheth	<ref onclick="bcv(1,10,1)">Gen 10:1</ref>；<ref onclick="bcv(13,1,5,1,23)">1Chr 1:5-23</ref>
003	4	3	The Generations of Abram	<ref onclick="bcv(1,11,10)">Gen 11:10</ref>；<ref onclick="bcv(13,1,24,1,27)">1Chr 1:24-27</ref>
004	4	4	The Death of Abraham	<ref onclick="bcv(1,25,1)">Gen 25:1</ref>；<ref onclick="bcv(13,1,32,1,33)">1Chr 1:32-33</ref>
005	4	5	The Generations of Abraham	<ref onclick="bcv(1,25,12)">Gen 25:12</ref>；<ref onclick="bcv(13,1,28,1,31)">1Chr 1:28-31</ref>
006	4	6	The Generations of Jacob	<ref onclick="bcv(1,35,22)">Gen 35:22</ref>；<ref onclick="bcv(13,2,1,2,2)">1Chr 2:1-2</ref>
007	4	7	The Generations of Esau	<ref onclick="bcv(1,36,1)">Gen 36:1</ref>；<ref onclick="bcv(13,1,34,1,37)">1Chr 1:34-37</ref>
008	4	8	The Generations of Seir	<ref onclick="bcv(1,36,20)">Gen 36:20</ref>；<ref onclick="bcv(13,1,38,1,42)">1Chr 1:38-42</ref>
009	4	9	The Kings of Edom	<ref onclick="bcv(1,36,31)">Gen 36:31</ref>；<ref onclick="bcv(13,1,43,1,54)">1Chr 1:43-54</ref>
010	4	10	Preserved from Thirst a Second Time	<ref onclick="bcv(2,17,1)">Exod 17:1</ref>；<ref onclick="bcv(4,20,1,20,13)">Num 20:1-13</ref>
011	4	11	Appointment of Rulers	<ref onclick="bcv(2,18,13)">Exod 18:13</ref>；<ref onclick="bcv(5,1,9,1,18)">Deut 1:9-18</ref>
012	4	12	Commandments Regarding God	<ref onclick="bcv(2,20,1)">Exod 20:1</ref>；<ref onclick="bcv(5,5,1,5,21)">Deut 5:1-21</ref>
013	4	13	The Response of Israel	<ref onclick="bcv(2,20,18)">Exod 20:18</ref>；<ref onclick="bcv(5,5,22,5,23)">Deut 5:22-23</ref>
014	4	14	The Rights of Persons	<ref onclick="bcv(2,21,1)">Exod 21:1</ref>；<ref onclick="bcv(5,15,12,15,18)">Deut 15:12-18</ref>
015	4	15	Three Feasts of Israel	<ref onclick="bcv(2,23,14)">Exod 23:14</ref>；<ref onclick="bcv(2,34,18,34,26)">Exod 34:18-26</ref>；<ref onclick="bcv(5,16,1,16,17)">Deut 16:1-17</ref>
016	4	16	The Offering for the Tabernacle	<ref onclick="bcv(2,25,1)">Exod 25:1</ref>；<ref onclick="bcv(2,35,4,35,9)">Exod 35:4-9</ref>
017	4	17	The Ark of the Covenant	<ref onclick="bcv(2,25,10)">Exod 25:10</ref>；<ref onclick="bcv(2,37,1,37,9)">Exod 37:1-9</ref>
018	4	18	The Table of Shewbread	<ref onclick="bcv(2,25,23)">Exod 25:23</ref>；<ref onclick="bcv(2,37,10,37,16)">Exod 37:10-16</ref>
019	4	19	The Golden Candlestick	<ref onclick="bcv(2,25,31)">Exod 25:31</ref>；<ref onclick="bcv(2,37,17,37,24)">Exod 37:17-24</ref>
020	4	20	The Curtains of Linen	<ref onclick="bcv(2,26,1)">Exod 26:1</ref>；<ref onclick="bcv(2,36,8,36,38)">Exod 36:8-38</ref>
021	4	21	The Brass Altar	<ref onclick="bcv(2,27,1)">Exod 27:1</ref>；<ref onclick="bcv(2,38,1,38,7)">Exod 38:1-7</ref>
022	4	22	The Court of the Tabernacle	<ref onclick="bcv(2,27,9)">Exod 27:9</ref>；<ref onclick="bcv(2,38,9,38,20)">Exod 38:9-20</ref>
023	4	23	The Oil for the Lamp	<ref onclick="bcv(2,27,20)">Exod 27:20</ref>；<ref onclick="bcv(3,24,1,24,4)">Lev 24:1-4</ref>
024	4	24	The Command to Make the Priest's Garments	<ref onclick="bcv(2,28,1)">Exod 28:1</ref>；<ref onclick="bcv(2,39,1,39,7)">Exod 39:1-7</ref>
025	4	25	The Breastplate	<ref onclick="bcv(2,28,15)">Exod 28:15</ref>；<ref onclick="bcv(2,39,8,39,21)">Exod 39:8-21</ref>
026	4	26	The Robe of the Ephod	<ref onclick="bcv(2,28,31)">Exod 28:31</ref>；<ref onclick="bcv(2,39,22,39,31)">Exod 39:22-31</ref>
027	4	27	The Hallowing of the Priests	<ref onclick="bcv(2,29,1)">Exod 29:1</ref>；<ref onclick="bcv(3,8,1,8,36)">Lev 8:1-36</ref>
028	4	28	The Continual Offering of the Priests	<ref onclick="bcv(2,29,38)">Exod 29:38</ref>；<ref onclick="bcv(4,28,1,28,8)">Num 28:1-8</ref>
029	4	29	The Altar of Incense	<ref onclick="bcv(2,30,1)">Exod 30:1</ref>；<ref onclick="bcv(2,37,25,37,28)">Exod 37:25-28</ref>
030	4	30	Instructions for Building the Tabernacle	<ref onclick="bcv(2,31,1)">Exod 31:1</ref>；<ref onclick="bcv(2,35,30)">Exod 35:30</ref>- <ref onclick="bcv(2,36,1)">Exod 36:1</ref>
031	4	31	Israel Willfully Breaks the Covenant	<ref onclick="bcv(2,32,1)">Exod 32:1</ref>；<ref onclick="bcv(5,9,6,9,29)">Deut 9:6-29</ref>
032	4	32	The Hewing of the Two Tables	<ref onclick="bcv(2,34,1)">Exod 34:1</ref>；<ref onclick="bcv(5,10,1,10,5)">Deut 10:1-5</ref>
033	4	33	The Renewal of the Covenant	<ref onclick="bcv(2,34,10)">Exod 34:10</ref>；<ref onclick="bcv(2,23,14,23,19)">Exod 23:14-19</ref>；<ref onclick="bcv(5,7,1,7,5)">Deut 7:1-5</ref>； 16:1-17
034	4	34	The Materials for the tabernacle	<ref onclick="bcv(2,35,4)">Exod 35:4</ref>；<ref onclick="bcv(2,25,1,25,9)">Exod 25:1-9</ref>
035	4	35	The Furniture of the tabernacle	<ref onclick="bcv(2,35,10)">Exod 35:10</ref>；<ref onclick="bcv(2,39,32,39,43)">Exod 39:32-43</ref>
036	4	36	The Builders of the tabernacle	<ref onclick="bcv(2,35,30)">Exod 35:30</ref>；<ref onclick="bcv(2,31,1,31,11)">Exod 31:1-11</ref>
037	4	37	The Curtains	<ref onclick="bcv(2,36,8)">Exod 36:8</ref>；<ref onclick="bcv(2,26,1,26,37)">Exod 26:1-37</ref>
038	4	38	The Ark of the Covenant	<ref onclick="bcv(2,37,1)">Exod 37:1</ref>；<ref onclick="bcv(2,25,10,25,22)">Exod 25:10-22</ref>
039	4	39	The Table of Shewbread	<ref onclick="bcv(2,37,10)">Exod 37:10</ref>；<ref onclick="bcv(2,25,23,25,30)">Exod 25:23-30</ref>
040	4	40	The Golden Candlestick	<ref onclick="bcv(2,37,17)">Exod 37:17</ref>；<ref onclick="bcv(2,25,31,25,40)">Exod 25:31-40</ref>
041	4	41	The Altar of Incense	<ref onclick="bcv(2,37,25)">Exod 37:25</ref>；<ref onclick="bcv(2,30,1,30,5)">Exod 30:1-5</ref>
042	4	42	The Sacred Anointing	<ref onclick="bcv(2,37,29)">Exod 37:29</ref>；<ref onclick="bcv(2,30,22,30,38)">Exod 30:22-38</ref>
043	4	43	The Altar of Burnt Offerings	<ref onclick="bcv(2,38,1)">Exod 38:1</ref>；<ref onclick="bcv(2,27,1,27,8)">Exod 27:1-8</ref>
044	4	44	The Laver of Brass	<ref onclick="bcv(2,38,8)">Exod 38:8</ref>；<ref onclick="bcv(2,30,18)">Exod 30:18</ref>
045	4	45	The Court	<ref onclick="bcv(2,38,9)">Exod 38:9</ref>；<ref onclick="bcv(2,27,9,27,19)">Exod 27:9-19</ref>
046	4	46	The Garments for the Priests	<ref onclick="bcv(2,39,1)">Exod 39:1</ref>；<ref onclick="bcv(2,28,1,28,14)">Exod 28:1-14</ref>
047	4	47	The Ephod	<ref onclick="bcv(2,39,8)">Exod 39:8</ref>；<ref onclick="bcv(2,28,15,28,30)">Exod 28:15-30</ref>
048	4	48	Priestly Garments	<ref onclick="bcv(2,39,22)">Exod 39:22</ref>；<ref onclick="bcv(2,28,31,28,43)">Exod 28:31-43</ref>
049	4	49	Moses Looks upon the Tabernacle	<ref onclick="bcv(2,39,32)">Exod 39:32</ref>；<ref onclick="bcv(2,35,10,35,19)">Exod 35:10-19</ref>
050	4	50	God Fills the Tabernacle with His Glory	<ref onclick="bcv(2,40,34)">Exod 40:34</ref>；<ref onclick="bcv(4,9,15,9,23)">Num 9:15-23</ref>
051	4	51	Consecration Commanded by God	<ref onclick="bcv(3,8,1)">Lev 8:1</ref>；<ref onclick="bcv(2,29,1,29,37)">Exod 29:1-37</ref>
052	4	52	Animals of the Earth	<ref onclick="bcv(3,11,1)">Lev 11:1</ref>；<ref onclick="bcv(5,14,3,14,21)">Deut 14:3-21</ref>
053	4	53	Passover	<ref onclick="bcv(3,23,5)">Lev 23:5</ref>；<ref onclick="bcv(4,28,16,28,25)">Num 28:16-25</ref>
054	4	54	Pentecost	<ref onclick="bcv(3,23,15)">Lev 23:15</ref>；<ref onclick="bcv(4,28,26,28,31)">Num 28:26-31</ref>
055	4	55	Trumpets	<ref onclick="bcv(3,23,23)">Lev 23:23</ref>；<ref onclick="bcv(4,29,1,29,6)">Num 29:1-6</ref>
056	4	56	Day of Atonement	<ref onclick="bcv(3,23,26)">Lev 23:26</ref>；<ref onclick="bcv(4,29,7,29,11)">Num 29:7-11</ref>
057	4	57	Tabernacles	<ref onclick="bcv(3,23,33)">Lev 23:33</ref>；<ref onclick="bcv(4,29,12,29,40)">Num 29:12-40</ref>
058	4	58	Oil for the Lamps	<ref onclick="bcv(3,24,1)">Lev 24:1</ref>；<ref onclick="bcv(2,27,20,27,21)">Exod 27:20-21</ref>
059	4	59	Law of the Sabbath Year	<ref onclick="bcv(3,25,1)">Lev 25:1</ref>；<ref onclick="bcv(5,15,1,15,11)">Deut 15:1-11</ref>
060	4	60	Requirements of Obedience	<ref onclick="bcv(3,26,1)">Lev 26:1</ref>；<ref onclick="bcv(5,7,12,7,24)">Deut 7:12-24</ref>； 28:1-14
061	4	61	Conditions and Results of Disobedience	<ref onclick="bcv(3,26,14)">Lev 26:14</ref>；<ref onclick="bcv(5,28,15,28,68)">Deut 28:15-68</ref>
062	4	62	Israel Guided by the Cloud	<ref onclick="bcv(4,9,15)">Num 9:15</ref>；<ref onclick="bcv(2,40,34,40,38)">Exod 40:34-38</ref>
063	4	63	Searching out the Promised Land	<ref onclick="bcv(4,13,1)">Num 13:1</ref>；<ref onclick="bcv(5,1,19,1,33)">Deut 1:19-33</ref>
064	4	64	Moses Warns Israel	<ref onclick="bcv(4,14,39)">Num 14:39</ref>；<ref onclick="bcv(5,1,41,1,46)">Deut 1:41-46</ref>
065	4	65	The Death of Miriam	<ref onclick="bcv(4,20,1)">Num 20:1</ref>；<ref onclick="bcv(2,17,1,17,7)">Exod 17:1-7</ref>
066	4	66	Israel's Victory over the Amorites	<ref onclick="bcv(4,21,21)">Num 21:21</ref>；<ref onclick="bcv(5,2,26)">Deut 2:26</ref>- <ref onclick="bcv(5,3,11)">Deut 3:11</ref>
067	4	67	Moses Commanded to Leave the People	<ref onclick="bcv(4,27,12)">Num 27:12</ref>；<ref onclick="bcv(5,31,1,31,8)">Deut 31:1-8</ref>
068	4	68	The Daily Offering	<ref onclick="bcv(4,28,1)">Num 28:1</ref>；<ref onclick="bcv(2,29,38,29,46)">Exod 29:38-46</ref>
069	4	69	Passover	<ref onclick="bcv(4,28,16)">Num 28:16</ref>；<ref onclick="bcv(3,23,5,23,14)">Lev 23:5-14</ref>
070	4	70	First Fruits	<ref onclick="bcv(4,28,26)">Num 28:26</ref>；<ref onclick="bcv(3,23,15,23,22)">Lev 23:15-22</ref>
071	4	71	Trumpets	<ref onclick="bcv(4,29,1)">Num 29:1</ref>；<ref onclick="bcv(3,23,23,23,25)">Lev 23:23-25</ref>
072	4	72	Atonement	<ref onclick="bcv(4,29,7)">Num 29:7</ref>；<ref onclick="bcv(3,23,26,23,32)">Lev 23:26-32</ref>
073	4	73	Tabernacle	<ref onclick="bcv(4,29,12)">Num 29:12</ref>；<ref onclick="bcv(3,23,33,23,44)">Lev 23:33-44</ref>
074	4	74	Dividing the Land East of Jordan	<ref onclick="bcv(4,32,1)">Num 32:1</ref>；<ref onclick="bcv(5,3,12,3,22)">Deut 3:12-22</ref>
075	4	75	Cities of Refuge	<ref onclick="bcv(4,35,9)">Num 35:9</ref>；<ref onclick="bcv(5,19,1,19,13)">Deut 19:1-13</ref>；<ref onclick="bcv(6,20,1,20,9)">Josh 20:1-9</ref>
076	4	76	Appointment of Rulers	<ref onclick="bcv(5,1,9)">Deut 1:9</ref>；<ref onclick="bcv(2,18,13,18,27)">Exod 18:13-27</ref>
077	4	77	At Kadesh	<ref onclick="bcv(5,1,19)">Deut 1:19</ref>；<ref onclick="bcv(4,13,1,13,33)">Num 13:1-33</ref>
078	4	78	Israel Sentenced to Wander and Die	<ref onclick="bcv(5,1,34)">Deut 1:34</ref>；<ref onclick="bcv(4,14,20,14,45)">Num 14:20-45</ref>
079	4	79	Israel's Victory over the Amorites	<ref onclick="bcv(5,2,26)">Deut 2:26</ref>；<ref onclick="bcv(4,21,21,21,30)">Num 21:21-30</ref>
080	4	80	The Conquest of Og	<ref onclick="bcv(5,3,1)">Deut 3:1</ref>；<ref onclick="bcv(4,21,31,21,35)">Num 21:31-35</ref>
081	4	81	Land Given to Two and a Half Tribes	<ref onclick="bcv(5,3,12)">Deut 3:12</ref>；<ref onclick="bcv(4,32,1,32,42)">Num 32:1-42</ref>
082	4	82	The Setting of the Covenant	<ref onclick="bcv(5,5,1)">Deut 5:1</ref>；<ref onclick="bcv(2,20,1,20,17)">Exod 20:1-17</ref>
083	4	83	The Responses of Israel	<ref onclick="bcv(5,5,23)">Deut 5:23</ref>；<ref onclick="bcv(2,20,18,20,21)">Exod 20:18-21</ref>
084	4	84	The Command to Conquer Canaan	<ref onclick="bcv(5,7,1)">Deut 7:1</ref>；<ref onclick="bcv(2,34,11,34,16)">Exod 34:11-16</ref>
085	4	85	The Promise of Blessings for Obedience	<ref onclick="bcv(5,7,12)">Deut 7:12</ref>；<ref onclick="bcv(5,28,1,28,14)">Deut 28:1-14</ref>
086	4	86	Moses Recounts the Mercy of God	<ref onclick="bcv(5,10,1)">Deut 10:1</ref>；<ref onclick="bcv(2,34,1,34,10)">Exod 34:1-10</ref>
087	4	87	Animals of the Earth	<ref onclick="bcv(5,14,3)">Deut 14:3</ref>；<ref onclick="bcv(3,11,1,11,47)">Lev 11:1-47</ref>
088	4	88	Law of the Debts	<ref onclick="bcv(5,15,1)">Deut 15:1</ref>；<ref onclick="bcv(3,25,1,25,7)">Lev 25:1-7</ref>
089	4	89	Law of the Slaves	<ref onclick="bcv(5,15,12)">Deut 15:12</ref>；<ref onclick="bcv(2,21,1,21,11)">Exod 21:1-11</ref>
090	4	90	Law of the Feasts	<ref onclick="bcv(5,16,1)">Deut 16:1</ref>；<ref onclick="bcv(2,12,1,12,20)">Exod 12:1-20</ref>
091	4	91	Pentecost	<ref onclick="bcv(5,16,9)">Deut 16:9</ref>；<ref onclick="bcv(2,34,22)">Exod 34:22</ref>；<ref onclick="bcv(3,23,15,23,21)">Lev 23:15-21</ref>
092	4	92	Tabernacles	<ref onclick="bcv(5,16,13)">Deut 16:13</ref>；<ref onclick="bcv(3,23,33,23,43)">Lev 23:33-43</ref>
093	4	93	Cities of Refuge	<ref onclick="bcv(5,19,1)">Deut 19:1</ref>；<ref onclick="bcv(4,35,9,35,28)">Num 35:9-28</ref>；<ref onclick="bcv(6,20,1,20,9)">Josh 20:1-9</ref>
094	4	94	The Promise of Blessings for Obedience	<ref onclick="bcv(5,28,1)">Deut 28:1</ref>；<ref onclick="bcv(3,26,3,26,13)">Lev 26:3-13</ref>；<ref onclick="bcv(5,7,12,7,24)">Deut 7:12-24</ref>
095	4	95	The Promise of Curse for Disobedience	<ref onclick="bcv(5,28,15)">Deut 28:15</ref>；<ref onclick="bcv(3,26,14,26,46)">Lev 26:14-46</ref>
096	4	96	The Conquest of Hebron and Debir	<ref onclick="bcv(6,15,13)">Josh 15:13</ref>；<ref onclick="bcv(7,1,11,1,15)">Judg 1:11-15</ref>
097	4	97	Six Cities of Refuge	<ref onclick="bcv(6,20,1)">Josh 20:1</ref>；<ref onclick="bcv(4,35,9,35,28)">Num 35:9-28</ref>；<ref onclick="bcv(5,19,1,19,13)">Deut 19:1-13</ref>
098	4	98	Othniel	<ref onclick="bcv(7,1,11)">Judg 1:11</ref>；<ref onclick="bcv(6,15,13,15,19)">Josh 15:13-19</ref>
099	5	1	The Enemy Slays Saul	<ref onclick="bcv(9,31,1)">1Sam 31:1</ref>；<ref onclick="bcv(13,10,1,10,12)">1Chr 10:1-12</ref>
100	5	2	David Is Anointed as King over Israel	<ref onclick="bcv(10,5,1)">2Sam 5:1</ref>；<ref onclick="bcv(13,11,1,11,9)">1Chr 11:1-9</ref>； 14:1-7
101	5	3	Conquest of the Philistines	<ref onclick="bcv(10,5,17)">2Sam 5:17</ref>；<ref onclick="bcv(13,14,8,14,17)">1Chr 14:8-17</ref>
102	5	4	Wrongly Bringing up the Ark	<ref onclick="bcv(10,6,1)">2Sam 6:1</ref>；<ref onclick="bcv(13,13,1,13,14)">1Chr 13:1-14</ref>； 15:25- 16:6，43
103	5	5	David Is Forbidden to Build God a House	<ref onclick="bcv(10,7,1)">2Sam 7:1</ref>；<ref onclick="bcv(13,17,1,17,15)">1Chr 17:1-15</ref>
104	5	6	David Praises God	<ref onclick="bcv(10,7,18)">2Sam 7:18</ref>；<ref onclick="bcv(13,17,16,17,27)">1Chr 17:16-27</ref>
105	5	7	David Defeats the Philistines	<ref onclick="bcv(10,8,1)">2Sam 8:1</ref>；<ref onclick="bcv(13,18,1,18,17)">1Chr 18:1-17</ref>
106	5	8	The Insult of Ammon	<ref onclick="bcv(10,10,1)">2Sam 10:1</ref>；<ref onclick="bcv(13,19,1,19,19)">1Chr 19:1-19</ref>
107	5	9	Joab's Loyalty to David	<ref onclick="bcv(10,12,26)">2Sam 12:26</ref>；<ref onclick="bcv(13,20,1,20,3)">1Chr 20:1-3</ref>
108	5	10	War with the Philistines	<ref onclick="bcv(10,21,15)">2Sam 21:15</ref>；<ref onclick="bcv(13,20,4,20,8)">1Chr 20:4-8</ref>
109	5	11	Psalm of Thanksgiving	<ref onclick="bcv(10,22,1)">2Sam 22:1</ref>；詩18
110	5	12	The Deeds of David's Mighty Men	<ref onclick="bcv(10,23,8)">2Sam 23:8</ref>；<ref onclick="bcv(13,11,10,11,47)">1Chr 11:10-47</ref>
111	5	13	The Census and the Plague	<ref onclick="bcv(10,24,1)">2Sam 24:1</ref>；<ref onclick="bcv(13,21,1,21,27)">1Chr 21:1-27</ref>
112	5	14	The Foolish Marriage of Solomon	<ref onclick="bcv(11,3,1)">1Kgs 3:1</ref>；<ref onclick="bcv(14,1,3,1,12)">2Chr 1:3-12</ref>
113	5	15	Materials for the Temple	<ref onclick="bcv(11,5,1)">1Kgs 5:1</ref>；<ref onclick="bcv(14,2,1,2,18)">2Chr 2:1-18</ref>
114	5	16	Building of the Temple	<ref onclick="bcv(11,6,14)">1Kgs 6:14</ref>；<ref onclick="bcv(14,3,8,3,14)">2Chr 3:8-14</ref>
115	5	17	Two Pillars	<ref onclick="bcv(11,7,15)">1Kgs 7:15</ref>；<ref onclick="bcv(14,3,15,3,17)">2Chr 3:15-17</ref>
116	5	18	Molten Sea	<ref onclick="bcv(11,7,23)">1Kgs 7:23</ref>；<ref onclick="bcv(14,4,2,4,5)">2Chr 4:2-5</ref>
117	5	19	Equipments of the Temple	<ref onclick="bcv(11,7,40)">1Kgs 7:40</ref>；<ref onclick="bcv(14,4,11)">2Chr 4:11</ref>- <ref onclick="bcv(14,5,1)">2Chr 5:1</ref>
118	5	20	The Return of the Ark of the Covenant	<ref onclick="bcv(11,8,1)">1Kgs 8:1</ref>；<ref onclick="bcv(14,5,2)">2Chr 5:2</ref>- <ref onclick="bcv(14,6,2)">2Chr 6:2</ref>
119	5	21	The Speech of Solomon	<ref onclick="bcv(11,8,14)">1Kgs 8:14</ref>；<ref onclick="bcv(14,6,3,6,11)">2Chr 6:3-11</ref>
120	5	22	The Prayer of Solomon	<ref onclick="bcv(11,8,22)">1Kgs 8:22</ref>；<ref onclick="bcv(14,6,12,6,42)">2Chr 6:12-42</ref>
121	5	23	Israel Rejoices	<ref onclick="bcv(11,8,62)">1Kgs 8:62</ref>；<ref onclick="bcv(14,7,4,7,10)">2Chr 7:4-10</ref>
122	5	24	The Davidic Covenant Extended to Solomon	<ref onclick="bcv(11,9,1)">1Kgs 9:1</ref>；<ref onclick="bcv(14,7,11,7,22)">2Chr 7:11-22</ref>
123	5	25	The Sale of Cities in Israel	<ref onclick="bcv(11,9,10)">1Kgs 9:10</ref>；<ref onclick="bcv(14,8,1,8,2)">2Chr 8:1-2</ref>
124	5	26	Enslavement of the Canaanites	<ref onclick="bcv(11,9,15)">1Kgs 9:15</ref>；<ref onclick="bcv(14,8,3,8,18)">2Chr 8:3-18</ref>
125	5	27	Multiplication of Wealth	<ref onclick="bcv(11,10,1)">1Kgs 10:1</ref>；<ref onclick="bcv(14,9,1,9,12)">2Chr 9:1-12</ref>
126	5	28	The Wealth of Solomon	<ref onclick="bcv(11,10,14)">1Kgs 10:14</ref>；<ref onclick="bcv(14,9,13,9,28)">2Chr 9:13-28</ref>
127	5	29	The Death of Solomon	<ref onclick="bcv(11,11,41)">1Kgs 11:41</ref>；<ref onclick="bcv(14,9,29,9,31)">2Chr 9:29-31</ref>
128	5	30	The Request to Rehoboam	<ref onclick="bcv(11,12,1)">1Kgs 12:1</ref>；<ref onclick="bcv(14,10,1,10,19)">2Chr 10:1-19</ref>
129	5	31	The Prophecy of Shemaiah	<ref onclick="bcv(11,12,21)">1Kgs 12:21</ref>；<ref onclick="bcv(14,11,1,11,4)">2Chr 11:1-4</ref>
130	5	32	The Sin of Rehoboam	<ref onclick="bcv(11,14,21)">1Kgs 14:21</ref>；<ref onclick="bcv(14,11,5)">2Chr 11:5</ref>- <ref onclick="bcv(14,12,15)">2Chr 12:15</ref>
131	5	33	The Reign of Abijam over Judah	<ref onclick="bcv(11,15,1)">1Kgs 15:1</ref>；<ref onclick="bcv(14,13,1)">2Chr 13:1</ref>- <ref onclick="bcv(14,14,1)">2Chr 14:1</ref>
132	5	34	Asa Does Right	<ref onclick="bcv(11,15,9)">1Kgs 15:9</ref>；<ref onclick="bcv(14,15,16)">2Chr 15:16</ref>- <ref onclick="bcv(14,16,6)">2Chr 16:6</ref>
133	5	35	Victory Promised by False Prophets	<ref onclick="bcv(11,22,1)">1Kgs 22:1</ref>；<ref onclick="bcv(14,18,2,18,27)">2Chr 18:2-27</ref>
134	5	36	Israel Defeated	<ref onclick="bcv(11,22,29)">1Kgs 22:29</ref>；<ref onclick="bcv(14,18,28,18,34)">2Chr 18:28-34</ref>
135	5	37	The Reign of Jehoshaphat over Judah	<ref onclick="bcv(11,22,41)">1Kgs 22:41</ref>；<ref onclick="bcv(14,20,31)">2Chr 20:31</ref>- <ref onclick="bcv(14,21,1)">2Chr 21:1</ref>
136	5	38	The Reign of Jehoram over Judah	<ref onclick="bcv(12,8,16)">2Kgs 8:16</ref>；<ref onclick="bcv(14,21,1,21,20)">2Chr 21:1-20</ref>
137	5	39	Ahaziah Does Evil	<ref onclick="bcv(12,8,25)">2Kgs 8:25</ref>；<ref onclick="bcv(14,22,1,22,6)">2Chr 22:1-6</ref>
138	5	40	The Salvation of Joash	<ref onclick="bcv(12,11,1)">2Kgs 11:1</ref>；<ref onclick="bcv(14,22,10)">2Chr 22:10</ref>- <ref onclick="bcv(14,23,15)">2Chr 23:15</ref>
139	5	41	The Renewal of the Covenant	<ref onclick="bcv(12,11,17)">2Kgs 11:17</ref>；<ref onclick="bcv(14,23,16,23,21)">2Chr 23:16-21</ref>
140	5	42	Jehoash Does Right	<ref onclick="bcv(12,12,1)">2Kgs 12:1</ref>；<ref onclick="bcv(14,24,1,24,16)">2Chr 24:1-16</ref>
141	5	43	Amaziah Does Right	<ref onclick="bcv(12,14,1)">2Kgs 14:1</ref>；<ref onclick="bcv(14,25,1,25,24)">2Chr 25:1-24</ref>
142	5	44	The Death of Amaziah	<ref onclick="bcv(12,14,17)">2Kgs 14:17</ref>；<ref onclick="bcv(14,25,25,25,28)">2Chr 25:25-28</ref>
143	5	45	The Reign of Azariah over Judah	<ref onclick="bcv(12,15,1)">2Kgs 15:1</ref>；<ref onclick="bcv(14,26,1,26,23)">2Chr 26:1-23</ref>
144	5	46	The Reign of Jotham over Judah	<ref onclick="bcv(12,15,32)">2Kgs 15:32</ref>；<ref onclick="bcv(14,27,1,27,9)">2Chr 27:1-9</ref>
145	5	47	Ahaz Does not Do Right	<ref onclick="bcv(12,16,1)">2Kgs 16:1</ref>；<ref onclick="bcv(14,28,1,28,27)">2Chr 28:1-27</ref>
146	5	48	Hezekiah Does Right	<ref onclick="bcv(12,18,1)">2Kgs 18:1</ref>；<ref onclick="bcv(14,29,1,29,2)">2Chr 29:1-2</ref>； 30:1
147	5	49	The First Invasion by Assyria	<ref onclick="bcv(12,18,13)">2Kgs 18:13</ref>；<ref onclick="bcv(14,32,1,32,19)">2Chr 32:1-19</ref>；<ref onclick="bcv(23,36,1,36,22)">Isa 36:1-22</ref>
148	5	50	Hezekiah Sent people to Isaiah	<ref onclick="bcv(12,19,1)">2Kgs 19:1</ref>；<ref onclick="bcv(23,37,1,37,7)">Isa 37:1-7</ref>
149	5	51	The Threat of Assyria	<ref onclick="bcv(12,19,8)">2Kgs 19:8</ref>；<ref onclick="bcv(23,37,8,37,20)">Isa 37:8-20</ref>
150	5	52	Isaiah Sent Message to Hezekiah	<ref onclick="bcv(12,19,20)">2Kgs 19:20</ref>；<ref onclick="bcv(23,37,20,37,37)">Isa 37:20-37</ref>
151	5	53	The Miraculous Recovery of Hezekiah	<ref onclick="bcv(12,20,1)">2Kgs 20:1</ref>；<ref onclick="bcv(23,38,1,38,8)">Isa 38:1-8</ref>；21-22；<ref onclick="bcv(14,32,24,32,26)">2Chr 32:24-26</ref>
152	5	54	The Wealth of Judah Is Exposed to Babylon	<ref onclick="bcv(12,20,12)">2Kgs 20:12</ref>；<ref onclick="bcv(23,39,1,39,8)">Isa 39:1-8</ref>
153	5	55	The Death of Hezekiah	<ref onclick="bcv(12,20,20)">2Kgs 20:20</ref>；<ref onclick="bcv(14,32,32,32,33)">2Chr 32:32-33</ref>
154	5	56	Manasseh Does Evil	<ref onclick="bcv(12,21,1)">2Kgs 21:1</ref>；<ref onclick="bcv(14,33,1,33,20)">2Chr 33:1-20</ref>
155	5	57	The Reign of Amon over Judah	<ref onclick="bcv(12,21,19)">2Kgs 21:19</ref>；<ref onclick="bcv(14,33,21,33,25)">2Chr 33:21-25</ref>
156	5	58	Josiah Does Right	<ref onclick="bcv(12,22,1)">2Kgs 22:1</ref>；<ref onclick="bcv(14,34,1,34,2)">2Chr 34:1-2</ref>
157	5	59	The Temple Is Restored	<ref onclick="bcv(12,22,3)">2Kgs 22:3</ref>；<ref onclick="bcv(14,34,8,34,28)">2Chr 34:8-28</ref>
158	5	60	The Institution of the Covenant	<ref onclick="bcv(12,23,1)">2Kgs 23:1</ref>；<ref onclick="bcv(14,34,3,34,7)">2Chr 34:3-7</ref>；29-33
159	5	61	Josiah Kept a Passover	<ref onclick="bcv(12,23,21)">2Kgs 23:21</ref>；<ref onclick="bcv(14,35,1,35,19)">2Chr 35:1-19</ref>
160	5	62	The State of the Nations under Josiah	<ref onclick="bcv(12,23,28)">2Kgs 23:28</ref>；<ref onclick="bcv(14,35,20)">2Chr 35:20</ref>- <ref onclick="bcv(14,36,1)">2Chr 36:1</ref>
161	5	63	The Reign of Jehoahaz over Judah	<ref onclick="bcv(12,23,31)">2Kgs 23:31</ref>；<ref onclick="bcv(14,36,2,36,4)">2Chr 36:2-4</ref>
162	5	64	The Reign of Jehoiakim over Judah	<ref onclick="bcv(12,23,35)">2Kgs 23:35</ref>；<ref onclick="bcv(14,36,5,36,8)">2Chr 36:5-8</ref>
163	5	65	The Reign of Jehoiachin over Judah	<ref onclick="bcv(12,24,8)">2Kgs 24:8</ref>；<ref onclick="bcv(14,36,9,36,10)">2Chr 36:9-10</ref>
164	5	66	Zedekiah	<ref onclick="bcv(12,24,18)">2Kgs 24:18</ref>；<ref onclick="bcv(14,36,11,36,12)">2Chr 36:11-12</ref>；<ref onclick="bcv(24,52,1,52,3)">Jer 52:1-3</ref>
165	5	67	The Fall of Jerusalem	<ref onclick="bcv(12,25,1)">2Kgs 25:1</ref>；<ref onclick="bcv(14,36,13,36,21)">2Chr 36:13-21</ref>；<ref onclick="bcv(24,52,3,52,11)">Jer 52:3-11</ref>
166	5	68	The Destruction of the Temple	<ref onclick="bcv(12,25,8)">2Kgs 25:8</ref>；<ref onclick="bcv(24,52,12,52,33)">Jer 52:12-33</ref>
167	5	69	Exile	<ref onclick="bcv(12,25,18)">2Kgs 25:18</ref>；<ref onclick="bcv(24,52,24,52,27)">Jer 52:24-27</ref>
168	5	70	The Governorship of Gedaliah	<ref onclick="bcv(12,25,22)">2Kgs 25:22</ref>；<ref onclick="bcv(24,40,7,40,9)">Jer 40:7-9</ref>； 41:1-3
169	5	71	Jehoiachin Lifted up out of Prison in Babylon	<ref onclick="bcv(12,25,27)">2Kgs 25:27</ref>；<ref onclick="bcv(24,52,31,52,34)">Jer 52:31-34</ref>
170	5	72	The Genealogy from Adam to Noah	<ref onclick="bcv(13,1,1)">1Chr 1:1</ref>；<ref onclick="bcv(1,5,1,5,32)">Gen 5:1-32</ref>； 10:1-32； 11:10-26
171	5	73	The Genealogy from Abraham to Isaac	<ref onclick="bcv(13,1,28)">1Chr 1:28</ref>；<ref onclick="bcv(1,25,12,25,16)">Gen 25:12-16</ref>
172	5	74	The Genealogy of Esau	<ref onclick="bcv(13,1,34)">1Chr 1:34</ref>；<ref onclick="bcv(1,36,1,36,19)">Gen 36:1-19</ref>
173	5	75	The People of Edom	<ref onclick="bcv(13,1,38)">1Chr 1:38</ref>；<ref onclick="bcv(1,36,20,36,30)">Gen 36:20-30</ref>
174	5	76	The Kings of Edom	<ref onclick="bcv(13,1,43)">1Chr 1:43</ref>；<ref onclick="bcv(1,36,31,36,43)">Gen 36:31-43</ref>
175	5	77	The Genealogy of Saul	<ref onclick="bcv(13,9,35)">1Chr 9:35</ref>；<ref onclick="bcv(13,8,29,8,38)">1Chr 8:29-38</ref>
176	5	78	The House of Saul Dies in Battle	<ref onclick="bcv(13,10,1)">1Chr 10:1</ref>；<ref onclick="bcv(9,31,1,31,13)">1Sam 31:1-13</ref>
177	5	79	David Anointed King	<ref onclick="bcv(13,11,1)">1Chr 11:1</ref>；<ref onclick="bcv(10,5,1,5,10)">2Sam 5:1-10</ref>
178	5	80	The Chief of the Mighty Men of David	<ref onclick="bcv(13,11,10)">1Chr 11:10</ref>；<ref onclick="bcv(10,23,8,23,39)">2Sam 23:8-39</ref>
179	5	81	Preparation to Bring Again the Ark of God	<ref onclick="bcv(13,13,1)">1Chr 13:1</ref>；<ref onclick="bcv(10,6,1,6,11)">2Sam 6:1-11</ref>
180	5	82	Building an House for David	<ref onclick="bcv(13,14,1)">1Chr 14:1</ref>；<ref onclick="bcv(10,5,11,5,16)">2Sam 5:11-16</ref>
181	5	83	David Defeats the Philistines	<ref onclick="bcv(13,14,8)">1Chr 14:8</ref>；<ref onclick="bcv(10,5,17,5,25)">2Sam 5:17-25</ref>
182	5	84	Bringing up the Ark with Joy	<ref onclick="bcv(13,15,25)">1Chr 15:25</ref>；<ref onclick="bcv(10,6,12,6,22)">2Sam 6:12-22</ref>
183	5	85	A Song of Thanksgiving	<ref onclick="bcv(13,16,8)">1Chr 16:8</ref>；<ref onclick="bcv(19,105,1,105,15)">Ps 105:1-15</ref>； 96:1-13； 106:1，47-48
184	5	86	David's Desire to Build God an House	<ref onclick="bcv(13,17,1)">1Chr 17:1</ref>；<ref onclick="bcv(10,7,1,7,17)">2Sam 7:1-17</ref>
185	5	87	David's Prayer of Praise	<ref onclick="bcv(13,17,16)">1Chr 17:16</ref>；<ref onclick="bcv(10,7,18,7,29)">2Sam 7:18-29</ref>
186	5	88	Victory over the Philistines	<ref onclick="bcv(13,18,1)">1Chr 18:1</ref>；<ref onclick="bcv(10,8,1,8,18)">2Sam 8:1-18</ref>
187	5	89	The Humiliation of David's Servants	<ref onclick="bcv(13,19,1)">1Chr 19:1</ref>；<ref onclick="bcv(10,10,1,10,19)">2Sam 10:1-19</ref>
188	5	90	Victory over the Ammonites	<ref onclick="bcv(13,20,1)">1Chr 20:1</ref>；<ref onclick="bcv(10,12,26,12,31)">2Sam 12:26-31</ref>
189	5	91	Victory over the Philistine Giants	<ref onclick="bcv(13,20,4)">1Chr 20:4</ref>；<ref onclick="bcv(10,21,15,21,22)">2Sam 21:15-22</ref>
190	5	92	David Tempted by Satan	<ref onclick="bcv(13,21,1)">1Chr 21:1</ref>；<ref onclick="bcv(10,24,1,24,25)">2Sam 24:1-25</ref>
191	5	93	Solomon's Burnt Offerings	<ref onclick="bcv(14,1,1)">2Chr 1:1</ref>；<ref onclick="bcv(11,3,1,3,15)">1Kgs 3:1-15</ref>
192	5	94	The Power of Solomon	<ref onclick="bcv(14,1,14)">2Chr 1:14</ref>；<ref onclick="bcv(11,10,26,10,29)">1Kgs 10:26-29</ref>
193	5	95	Selection of the Temple Builders	<ref onclick="bcv(14,2,1)">2Chr 2:1</ref>；<ref onclick="bcv(11,5,1,5,18)">1Kgs 5:1-18</ref>
194	5	96	Building of the Temple	<ref onclick="bcv(14,2,17)">2Chr 2:17</ref>；<ref onclick="bcv(11,6,1,6,38)">1Kgs 6:1-38</ref>
195	5	97	Two Pillars	<ref onclick="bcv(14,3,15)">2Chr 3:15</ref>；<ref onclick="bcv(11,7,15,7,22)">1Kgs 7:15-22</ref>
196	5	98	Equipments of the Temple	<ref onclick="bcv(14,4,1)">2Chr 4:1</ref>；<ref onclick="bcv(11,7,23,7,51)">1Kgs 7:23-51</ref>
197	5	99	Bringing the Ark of the Lord	<ref onclick="bcv(14,5,2)">2Chr 5:2</ref>；<ref onclick="bcv(11,8,1,8,9)">1Kgs 8:1-9</ref>
198	5	100	Solomon Speaks to the Congregation	<ref onclick="bcv(14,6,1)">2Chr 6:1</ref>；<ref onclick="bcv(11,8,12,8,21)">1Kgs 8:12-21</ref>
199	5	101	The Prayer of Solomon	<ref onclick="bcv(14,6,12)">2Chr 6:12</ref>；<ref onclick="bcv(11,8,22,8,53)">1Kgs 8:22-53</ref>
200	5	102	The Fire of the Lord	<ref onclick="bcv(14,7,1)">2Chr 7:1</ref>；<ref onclick="bcv(11,8,62,8,66)">1Kgs 8:62-66</ref>
201	5	103	The Lord Appeared to Solomon	<ref onclick="bcv(14,7,11)">2Chr 7:11</ref>；<ref onclick="bcv(11,9,1,9,9)">1Kgs 9:1-9</ref>
202	5	104	Solomon's Territory Is Enlarged	<ref onclick="bcv(14,8,1)">2Chr 8:1</ref>；<ref onclick="bcv(11,9,10,9,28)">1Kgs 9:10-28</ref>
203	5	105	The Queen of Sheba Visits Solomon	<ref onclick="bcv(14,9,1)">2Chr 9:1</ref>；<ref onclick="bcv(11,10,1,10,13)">1Kgs 10:1-13</ref>
204	5	106	The Riches of Solomon	<ref onclick="bcv(14,9,13)">2Chr 9:13</ref>；<ref onclick="bcv(11,10,14,10,25)">1Kgs 10:14-25</ref>
205	5	107	The Death of Solomon	<ref onclick="bcv(14,9,29)">2Chr 9:29</ref>；<ref onclick="bcv(11,11,41,11,43)">1Kgs 11:41-43</ref>
206	5	108	The Kingdom Is Divided	<ref onclick="bcv(14,10,1)">2Chr 10:1</ref>；<ref onclick="bcv(11,12,1,12,20)">1Kgs 12:1-20</ref>
207	5	109	Judah Is Strengthened	<ref onclick="bcv(14,11,1)">2Chr 11:1</ref>；<ref onclick="bcv(11,12,21,12,24)">1Kgs 12:21-24</ref>
208	5	110	Judah Is Weakened	<ref onclick="bcv(14,12,1)">2Chr 12:1</ref>；<ref onclick="bcv(11,14,25,14,28)">1Kgs 14:25-28</ref>
209	5	111	War between Abijah and Jeroboam	<ref onclick="bcv(14,13,1)">2Chr 13:1</ref>；<ref onclick="bcv(11,15,1,15,8)">1Kgs 15:1-8</ref>
210	5	112	Victory over the Syrians	<ref onclick="bcv(14,16,1)">2Chr 16:1</ref>；<ref onclick="bcv(11,15,17,15,22)">1Kgs 15:17-22</ref>
211	5	113	The Death of Asa	<ref onclick="bcv(14,16,11)">2Chr 16:11</ref>；<ref onclick="bcv(11,15,23,15,24)">1Kgs 15:23-24</ref>
212	5	114	Jehoshaphat and Ahab	<ref onclick="bcv(14,18,1)">2Chr 18:1</ref>；<ref onclick="bcv(11,22,1,22,28)">1Kgs 22:1-28</ref>
213	5	115	The Death of Ahab	<ref onclick="bcv(14,18,28)">2Chr 18:28</ref>；<ref onclick="bcv(11,22,29,22,35)">1Kgs 22:29-35</ref>
214	5	116	The Reign of Jehoshaphat	<ref onclick="bcv(14,20,31)">2Chr 20:31</ref>；<ref onclick="bcv(11,22,41,22,50)">1Kgs 22:41-50</ref>
215	5	117	The Reign of Jehoram over Judah	<ref onclick="bcv(14,21,2)">2Chr 21:2</ref>；<ref onclick="bcv(12,8,17,8,24)">2Kgs 8:17-24</ref>
216	5	118	Ahaziah Does Evil	<ref onclick="bcv(14,22,1)">2Chr 22:1</ref>；<ref onclick="bcv(12,8,25,8,29)">2Kgs 8:25-29</ref>； 9:21-28
217	5	119	The Reign of Athaliah	<ref onclick="bcv(14,22,10)">2Chr 22:10</ref>；<ref onclick="bcv(12,11,1,11,3)">2Kgs 11:1-3</ref>
218	5	120	The Overthrow of Athaliah	<ref onclick="bcv(14,23,1)">2Chr 23:1</ref>；<ref onclick="bcv(12,11,4,11,16)">2Kgs 11:4-16</ref>
219	5	121	The Covenant of Jehoiada	<ref onclick="bcv(14,23,16)">2Chr 23:16</ref>；<ref onclick="bcv(12,11,17,11,20)">2Kgs 11:17-20</ref>
220	5	122	Joash Does Right	<ref onclick="bcv(14,24,1)">2Chr 24:1</ref>；<ref onclick="bcv(12,12,1,12,16)">2Kgs 12:1-16</ref>
221	5	123	Amaziah Does Right	<ref onclick="bcv(14,25,1)">2Chr 25:1</ref>；<ref onclick="bcv(12,14,2,14,6)">2Kgs 14:2-6</ref>
222	5	124	Victory over Edom	<ref onclick="bcv(14,25,5)">2Chr 25:5</ref>；<ref onclick="bcv(12,14,7)">2Kgs 14:7</ref>
223	5	125	Judah Is Defeated by Israel	<ref onclick="bcv(14,25,17)">2Chr 25:17</ref>；<ref onclick="bcv(12,14,8,14,20)">2Kgs 14:8-20</ref>
224	5	126	Uzziah Does Right	<ref onclick="bcv(14,26,1)">2Chr 26:1</ref>；<ref onclick="bcv(12,14,21,14,22)">2Kgs 14:21-22</ref>； 15:1-7
225	5	127	The Reign of Jotham	<ref onclick="bcv(14,27,1)">2Chr 27:1</ref>；<ref onclick="bcv(12,15,32,15,38)">2Kgs 15:32-38</ref>
226	5	128	Ahaz Does Evil	<ref onclick="bcv(14,28,1)">2Chr 28:1</ref>；<ref onclick="bcv(12,16,1,16,4)">2Kgs 16:1-4</ref>
227	5	129	The Defeat of Judah	<ref onclick="bcv(14,28,5)">2Chr 28:5</ref>；<ref onclick="bcv(12,16,5)">2Kgs 16:5</ref>
228	5	130	Ahaz Sent Messengers to Tiglathpileser	<ref onclick="bcv(14,28,16)">2Chr 28:16</ref>；<ref onclick="bcv(12,16,7,16,9)">2Kgs 16:7-9</ref>
229	5	131	Hezekiah Does Right	<ref onclick="bcv(14,29,1)">2Chr 29:1</ref>；<ref onclick="bcv(12,18,1,18,3)">2Kgs 18:1-3</ref>
230	5	132	The Death of Hezekiah	<ref onclick="bcv(14,32,32)">2Chr 32:32</ref>；<ref onclick="bcv(12,20,20,20,21)">2Kgs 20:20-21</ref>
231	5	133	The Reign of Manasseh	<ref onclick="bcv(14,33,1)">2Chr 33:1</ref>；<ref onclick="bcv(12,21,1,21,9)">2Kgs 21:1-9</ref>
232	5	134	The Death of Manasseh	<ref onclick="bcv(14,33,18)">2Chr 33:18</ref>；<ref onclick="bcv(12,21,17,21,18)">2Kgs 21:17-18</ref>
233	5	135	The Reign of Amon	<ref onclick="bcv(14,33,21)">2Chr 33:21</ref>；<ref onclick="bcv(12,21,19,21,26)">2Kgs 21:19-26</ref>
234	5	136	Josiah Does Right	<ref onclick="bcv(14,34,1)">2Chr 34:1</ref>；<ref onclick="bcv(12,22,1,22,2)">2Kgs 22:1-2</ref>
235	5	137	Repairing the House of the Lord	<ref onclick="bcv(14,34,8)">2Chr 34:8</ref>；<ref onclick="bcv(12,22,3,22,20)">2Kgs 22:3-20</ref>
236	5	138	The Institution of the Covenant	<ref onclick="bcv(14,34,29)">2Chr 34:29</ref>；<ref onclick="bcv(12,23,1,23,20)">2Kgs 23:1-20</ref>
237	5	139	Keeping the Passover	<ref onclick="bcv(14,35,1)">2Chr 35:1</ref>；<ref onclick="bcv(12,23,21,23,23)">2Kgs 23:21-23</ref>
238	5	140	The Death of Josiah	<ref onclick="bcv(14,35,20)">2Chr 35:20</ref>；<ref onclick="bcv(12,23,28,23,30)">2Kgs 23:28-30</ref>
239	5	141	The Reign of Jehoahaz	<ref onclick="bcv(14,36,1)">2Chr 36:1</ref>；<ref onclick="bcv(12,23,30,23,35)">2Kgs 23:30-35</ref>
240	5	142	The Reign of Jehoiakim	<ref onclick="bcv(14,36,5)">2Chr 36:5</ref>；<ref onclick="bcv(12,23,36,24,7)">2Kgs 23:36-24:7</ref>
241	5	143	The Reign of Jehoiachin	<ref onclick="bcv(14,36,9)">2Chr 36:9</ref>；<ref onclick="bcv(12,24,8,24,17)">2Kgs 24:8-17</ref>
242	5	144	Zedekiah Does Evil	<ref onclick="bcv(14,36,11)">2Chr 36:11</ref>；<ref onclick="bcv(12,24,18,24,20)">2Kgs 24:18-20</ref>；<ref onclick="bcv(24,52,1,52,3)">Jer 52:1-3</ref>
243	5	145	Destruction of Jerusalem	<ref onclick="bcv(14,36,13)">2Chr 36:13</ref>；<ref onclick="bcv(12,25,1,25,21)">2Kgs 25:1-21</ref>；<ref onclick="bcv(24,52,3,52,11)">Jer 52:3-11</ref>
244	5	146	Proclamation of Cyrus to Return to Jerusalem	<ref onclick="bcv(14,36,22)">2Chr 36:22</ref>；<ref onclick="bcv(15,1,1,1,4)">Ezra 1:1-4</ref>
245	5	147	The Return	<ref onclick="bcv(16,7,4)">Neh 7:4</ref>；<ref onclick="bcv(15,2,1,2,70)">Ezra 2:1-70</ref>
246	5	148	Everlasting Peace	<ref onclick="bcv(23,2,1,2,4)">Isa 2:1-4</ref>；<ref onclick="bcv(33,4,1,4,3)">Mic 4:1-3</ref>
247	5	149	Assyria's Challenge to God	<ref onclick="bcv(23,36,1)">Isa 36:1</ref>；<ref onclick="bcv(12,18,13,18,37)">2Kgs 18:13-37</ref>；<ref onclick="bcv(14,32,1,32,19)">2Chr 32:1-19</ref>
248	5	150	God Smites Assyria	<ref onclick="bcv(23,37,1)">Isa 37:1</ref>；<ref onclick="bcv(12,19,1,19,7)">2Kgs 19:1-7</ref>
249	5	151	The Threat of Assyria	<ref onclick="bcv(23,37,8)">Isa 37:8</ref>；<ref onclick="bcv(12,19,8,19,19)">2Kgs 19:8-19</ref>
250	5	152	Isaiah Sent Message to Hezekiah	<ref onclick="bcv(23,37,21)">Isa 37:21</ref>；<ref onclick="bcv(12,19,20,19,37)">2Kgs 19:20-37</ref>
251	5	153	Hezekiah's Salvation from Sickness	<ref onclick="bcv(23,38,1)">Isa 38:1</ref>；<ref onclick="bcv(12,20,1,20,11)">2Kgs 20:1-11</ref>；<ref onclick="bcv(14,32,24,32,26)">2Chr 32:24-26</ref>
252	5	154	The Sin of Hezekiah	<ref onclick="bcv(23,39,1)">Isa 39:1</ref>；<ref onclick="bcv(12,20,12,20,19)">2Kgs 20:12-19</ref>
253	5	155	Capture of Jerusalem	<ref onclick="bcv(24,52,1)">Jer 52:1</ref>；<ref onclick="bcv(12,24,18)">2Kgs 24:18</ref>- <ref onclick="bcv(12,25,7)">2Kgs 25:7</ref>
254	5	156	Destruction of Jerusalem	<ref onclick="bcv(24,52,12)">Jer 52:12</ref>；<ref onclick="bcv(12,25,8,25,17)">2Kgs 25:8-17</ref>
255	5	157	Exile to Babylon	<ref onclick="bcv(24,52,24)">Jer 52:24</ref>；<ref onclick="bcv(12,25,18,25,21)">2Kgs 25:18-21</ref>，27-30
256	5	158	The Day of the Lord	<ref onclick="bcv(33,4,1,4,3)">Mic 4:1-3</ref>；<ref onclick="bcv(23,2,1,2,4)">Isa 2:1-4</ref>
257	6	1	Characteristics of the Godless	<ref onclick="bcv(19,14,1)">Ps 14:1</ref>；詩53
258	6	2	Thanksgiving for God's Deliverance	<ref onclick="bcv(19,18,1)">Ps 18:1</ref>；<ref onclick="bcv(10,22,1,22,51)">2Sam 22:1-51</ref>
259	6	3	A Prayer for Seeking Help	<ref onclick="bcv(19,40,12)">Ps 40:12</ref>；詩70
260	6	4	A Portrait of the Godless	<ref onclick="bcv(19,53,1)">Ps 53:1</ref>；詩14
261	6	5	A Prayer for the Poor and Needy	<ref onclick="bcv(19,70,1)">Ps 70:1</ref>；<ref onclick="bcv(19,40,13,40,17)">Ps 40:13-17</ref>
262	6	6	Declare the Glory of God	<ref onclick="bcv(19,96,1)">Ps 96:1</ref>；<ref onclick="bcv(13,16,23,16,33)">1Chr 16:23-33</ref>
263	6	7	God Is Faithful to His Covenant	<ref onclick="bcv(19,105,1)">Ps 105:1</ref>；<ref onclick="bcv(13,16,8,16,22)">1Chr 16:8-22</ref>
264	6	8	Awake and Sing Praise!	<ref onclick="bcv(19,108,1)">Ps 108:1</ref>；<ref onclick="bcv(19,57,7,57,11)">Ps 57:7-11</ref>；<ref onclick="bcv(19,60,5,60,12)">Ps 60:5-12</ref>
265	7	1	Forerunner of Christ	<ref onclick="bcv(41,1,1)">Mark 1:1</ref>；<ref onclick="bcv(40,3,1,3,12)">Matt 3:1-12</ref>；<ref onclick="bcv(42,3,1,3,18)">Luke 3:1-18</ref>；<ref onclick="bcv(43,1,19,1,28)">John 1:19-28</ref>
266	7	2	Baptism of Christ	<ref onclick="bcv(41,1,9)">Mark 1:9</ref>；<ref onclick="bcv(40,3,13,3,17)">Matt 3:13-17</ref>；<ref onclick="bcv(42,3,21,3,22)">Luke 3:21-22</ref>
267	7	3	Temptation of Christ	<ref onclick="bcv(41,1,12)">Mark 1:12</ref>；<ref onclick="bcv(40,4,1,4,11)">Matt 4:1-11</ref>；<ref onclick="bcv(42,4,1,4,13)">Luke 4:1-13</ref>
268	7	4	Work of Christ	<ref onclick="bcv(41,1,14)">Mark 1:14</ref>；<ref onclick="bcv(40,4,12,4,17)">Matt 4:12-17</ref>；<ref onclick="bcv(42,4,14,4,15)">Luke 4:14-15</ref>
269	7	5	Mother of Peter's Wife Is Healed	<ref onclick="bcv(41,1,29)">Mark 1:29</ref>；<ref onclick="bcv(40,8,14,8,17)">Matt 8:14-17</ref>；<ref onclick="bcv(42,4,38,4,41)">Luke 4:38-41</ref>
270	7	6	The Sick of Palsy Is Healed	<ref onclick="bcv(41,2,1)">Mark 2:1</ref>；<ref onclick="bcv(40,9,1,9,8)">Matt 9:1-8</ref>；<ref onclick="bcv(42,5,17,5,26)">Luke 5:17-26</ref>
271	7	7	The Call of Matthew	<ref onclick="bcv(41,2,13)">Mark 2:13</ref>；<ref onclick="bcv(40,9,9,9,13)">Matt 9:9-13</ref>；<ref onclick="bcv(42,5,27,5,32)">Luke 5:27-32</ref>
272	7	8	Parable of the Cloth and Old Bottles	<ref onclick="bcv(41,2,18)">Mark 2:18</ref>；<ref onclick="bcv(40,9,14,9,17)">Matt 9:14-17</ref>；<ref onclick="bcv(42,5,33,5,39)">Luke 5:33-39</ref>
273	7	9	Controversy over Sabbath - Labor	<ref onclick="bcv(41,2,23)">Mark 2:23</ref>；<ref onclick="bcv(40,12,1,12,8)">Matt 12:1-8</ref>；<ref onclick="bcv(42,6,1,6,5)">Luke 6:1-5</ref>
274	7	10	Controversy over Sabbath - Healing	<ref onclick="bcv(41,3,1)">Mark 3:1</ref>；<ref onclick="bcv(40,12,9,12,14)">Matt 12:9-14</ref>；<ref onclick="bcv(42,6,6,6,11)">Luke 6:6-11</ref>
275	7	11	Parable of the Soils	<ref onclick="bcv(41,4,1)">Mark 4:1</ref>；<ref onclick="bcv(40,13,1,13,9)">Matt 13:1-9</ref>；<ref onclick="bcv(42,8,4,8,8)">Luke 8:4-8</ref>
276	7	12	The Purpose of Parables	<ref onclick="bcv(41,4,10)">Mark 4:10</ref>；<ref onclick="bcv(40,13,10,13,17)">Matt 13:10-17</ref>；<ref onclick="bcv(42,8,9,8,10)">Luke 8:9-10</ref>
277	7	13	Explanation of the First Parable	<ref onclick="bcv(41,4,13)">Mark 4:13</ref>；<ref onclick="bcv(40,13,18,13,23)">Matt 13:18-23</ref>；<ref onclick="bcv(42,8,11,8,15)">Luke 8:11-15</ref>
278	7	14	The Twelve Return	<ref onclick="bcv(41,6,30)">Mark 6:30</ref>；<ref onclick="bcv(40,14,13,14,21)">Matt 14:13-21</ref>；<ref onclick="bcv(42,9,10,9,17)">Luke 9:10-17</ref>；<ref onclick="bcv(43,6,1,6,14)">John 6:1-14</ref>
279	7	15	Peter's Confession of Christ	<ref onclick="bcv(41,8,27)">Mark 8:27</ref>；<ref onclick="bcv(40,16,13,16,20)">Matt 16:13-20</ref>；<ref onclick="bcv(42,9,18,9,21)">Luke 9:18-21</ref>
280	7	16	Jesus Foretells His Death and Resurrection	<ref onclick="bcv(41,8,31)">Mark 8:31</ref>；<ref onclick="bcv(40,16,21,16,28)">Matt 16:21-28</ref>；<ref onclick="bcv(42,9,22,9,27)">Luke 9:22-27</ref>
281	7	17	The Transfiguration	<ref onclick="bcv(41,9,2)">Mark 9:2</ref>；<ref onclick="bcv(40,17,1,17,13)">Matt 17:1-13</ref>；<ref onclick="bcv(42,9,28,9,36)">Luke 9:28-36</ref>
282	7	18	Demon-possessed Son Is Delivered	<ref onclick="bcv(41,9,14)">Mark 9:14</ref>；<ref onclick="bcv(40,17,14,17,21)">Matt 17:14-21</ref>；<ref onclick="bcv(42,9,37,9,43)">Luke 9:37-43</ref>
283	7	19	Jesus Foretells His Death	<ref onclick="bcv(41,9,30)">Mark 9:30</ref>；<ref onclick="bcv(40,17,22,17,23)">Matt 17:22-23</ref>；<ref onclick="bcv(42,9,43,9,45)">Luke 9:43-45</ref>
284	7	20	Attitude of Servanthood	<ref onclick="bcv(41,9,33)">Mark 9:33</ref>；<ref onclick="bcv(40,18,1,18,5)">Matt 18:1-5</ref>；<ref onclick="bcv(42,9,46,9,48)">Luke 9:46-48</ref>
285	7	21	Warning about Hell	<ref onclick="bcv(41,9,42)">Mark 9:42</ref>；<ref onclick="bcv(40,18,6,18,9)">Matt 18:6-9</ref>；<ref onclick="bcv(42,17,1,17,2)">Luke 17:1-2</ref>
286	7	22	Children and the Kingdom	<ref onclick="bcv(41,10,13)">Mark 10:13</ref>；<ref onclick="bcv(40,19,13,19,15)">Matt 19:13-15</ref>；<ref onclick="bcv(42,18,15,18,17)">Luke 18:15-17</ref>
287	7	23	The Rich Young Ruler	<ref onclick="bcv(41,10,17)">Mark 10:17</ref>；<ref onclick="bcv(40,19,16,19,30)">Matt 19:16-30</ref>；<ref onclick="bcv(42,18,18,18,30)">Luke 18:18-30</ref>
288	7	24	The Coming Crucifixion	<ref onclick="bcv(41,10,32)">Mark 10:32</ref>；<ref onclick="bcv(40,20,17,20,19)">Matt 20:17-19</ref>；<ref onclick="bcv(42,18,31,18,34)">Luke 18:31-34</ref>
289	7	25	Blind Bartimaeus Is Healed	<ref onclick="bcv(41,10,46)">Mark 10:46</ref>；<ref onclick="bcv(40,20,29,20,34)">Matt 20:29-34</ref>；<ref onclick="bcv(42,18,35,18,43)">Luke 18:35-43</ref>
290	7	26	The Triumphal Entry	<ref onclick="bcv(41,11,1)">Mark 11:1</ref>；<ref onclick="bcv(40,21,1,21,11)">Matt 21:1-11</ref>；<ref onclick="bcv(42,19,28,19,40)">Luke 19:28-40</ref>；<ref onclick="bcv(43,12,12,12,19)">John 12:12-19</ref>
291	7	27	Cleansing of the Temple	<ref onclick="bcv(41,11,15)">Mark 11:15</ref>；<ref onclick="bcv(40,21,12,21,17)">Matt 21:12-17</ref>；<ref onclick="bcv(42,19,45,19,48)">Luke 19:45-48</ref>；<ref onclick="bcv(43,2,13,2,22)">John 2:13-22</ref>
292	7	28	The Question of Authority	<ref onclick="bcv(41,11,27)">Mark 11:27</ref>；<ref onclick="bcv(40,21,23,21,27)">Matt 21:23-27</ref>；<ref onclick="bcv(42,20,1,20,8)">Luke 20:1-8</ref>
293	7	29	Parable of the Lord of the Vineyard	<ref onclick="bcv(41,12,1)">Mark 12:1</ref>；<ref onclick="bcv(40,21,33,21,46)">Matt 21:33-46</ref>；<ref onclick="bcv(42,20,9,20,19)">Luke 20:9-19</ref>
294	7	30	Tribute Money	<ref onclick="bcv(41,12,13)">Mark 12:13</ref>；<ref onclick="bcv(40,22,15,22,22)">Matt 22:15-22</ref>；<ref onclick="bcv(42,20,19,20,26)">Luke 20:19-26</ref>
295	7	31	The Resurrection	<ref onclick="bcv(41,12,18)">Mark 12:18</ref>；<ref onclick="bcv(40,22,23,22,33)">Matt 22:23-33</ref>；<ref onclick="bcv(42,20,27,20,40)">Luke 20:27-40</ref>
296	7	32	Jesus Questions the Leaders	<ref onclick="bcv(41,12,35)">Mark 12:35</ref>；<ref onclick="bcv(40,22,41,22,46)">Matt 22:41-46</ref>；<ref onclick="bcv(42,20,41,20,44)">Luke 20:41-44</ref>
297	7	33	Jesus Condemns the Leaders	<ref onclick="bcv(41,12,38)">Mark 12:38</ref>；<ref onclick="bcv(40,23,1,23,36)">Matt 23:1-36</ref>；<ref onclick="bcv(42,20,45,20,47)">Luke 20:45-47</ref>
298	7	34	Questions from the Disciples	<ref onclick="bcv(41,13,1)">Mark 13:1</ref>；<ref onclick="bcv(40,24,1,24,2)">Matt 24:1-2</ref>；<ref onclick="bcv(42,21,5,21,6)">Luke 21:5-6</ref>
299	7	35	Prophecy of the Destruction	<ref onclick="bcv(41,13,3)">Mark 13:3</ref>；<ref onclick="bcv(40,24,3,24,14)">Matt 24:3-14</ref>；<ref onclick="bcv(42,21,7,21,19)">Luke 21:7-19</ref>
300	7	36	The Tribulation	<ref onclick="bcv(41,13,14)">Mark 13:14</ref>；<ref onclick="bcv(40,24,15,24,28)">Matt 24:15-28</ref>；<ref onclick="bcv(42,21,20,21,24)">Luke 21:20-24</ref>
301	7	37	The Second Coming	<ref onclick="bcv(41,13,24)">Mark 13:24</ref>；<ref onclick="bcv(40,24,29,24,31)">Matt 24:29-31</ref>；<ref onclick="bcv(42,21,25,21,28)">Luke 21:25-28</ref>
302	7	38	Parable of the Fig Tree	<ref onclick="bcv(41,13,28)">Mark 13:28</ref>；<ref onclick="bcv(40,24,32,24,35)">Matt 24:32-35</ref>；<ref onclick="bcv(42,21,29,21,33)">Luke 21:29-33</ref>
303	7	39	Leaders Seek to Kill Jesus	<ref onclick="bcv(41,14,1)">Mark 14:1</ref>；<ref onclick="bcv(40,26,1,26,5)">Matt 26:1-5</ref>；<ref onclick="bcv(42,22,1,22,2)">Luke 22:1-2</ref>；<ref onclick="bcv(43,11,45,11,53)">John 11:45-53</ref>
304	7	40	Judas Plans to Betray Jesus	<ref onclick="bcv(41,14,10)">Mark 14:10</ref>；<ref onclick="bcv(40,26,14,26,16)">Matt 26:14-16</ref>；<ref onclick="bcv(42,22,3,22,6)">Luke 22:3-6</ref>
305	7	41	Passover Is Made Ready	<ref onclick="bcv(41,14,12)">Mark 14:12</ref>；<ref onclick="bcv(40,26,17,26,25)">Matt 26:17-25</ref>；<ref onclick="bcv(42,22,7,22,13)">Luke 22:7-13</ref>，21-23；<ref onclick="bcv(43,13,21,13,30)">John 13:21-30</ref>
306	7	42	Instituting of the Lord's Supper	<ref onclick="bcv(41,14,22)">Mark 14:22</ref>；<ref onclick="bcv(40,26,26,26,30)">Matt 26:26-30</ref>；<ref onclick="bcv(42,22,14,22,20)">Luke 22:14-20</ref>；<ref onclick="bcv(46,11,23,11,25)">1Cor 11:23-25</ref>
307	7	43	The Prediction of Peter's Denial	<ref onclick="bcv(41,14,27)">Mark 14:27</ref>；<ref onclick="bcv(40,26,31,26,35)">Matt 26:31-35</ref>；<ref onclick="bcv(42,22,31,22,34)">Luke 22:31-34</ref>；<ref onclick="bcv(43,13,36,13,38)">John 13:36-38</ref>
308	7	44	Jesus Prays in Gethsemane	<ref onclick="bcv(41,14,32)">Mark 14:32</ref>；<ref onclick="bcv(40,26,36,26,46)">Matt 26:36-46</ref>；<ref onclick="bcv(42,22,39,22,46)">Luke 22:39-46</ref>
309	7	45	Judas Betrays Jesus	<ref onclick="bcv(41,14,43)">Mark 14:43</ref>；<ref onclick="bcv(40,26,47,26,56)">Matt 26:47-56</ref>；<ref onclick="bcv(42,22,47,22,53)">Luke 22:47-53</ref>；<ref onclick="bcv(43,18,3,18,12)">John 18:3-12</ref>
310	7	46	The Sanhedrin Tries Jesus	<ref onclick="bcv(41,14,53)">Mark 14:53</ref>；<ref onclick="bcv(40,26,57,26,68)">Matt 26:57-68</ref>；<ref onclick="bcv(42,22,54,22,55)">Luke 22:54-55</ref>，63-71；<ref onclick="bcv(43,18,13,18,14)">John 18:13-14</ref>，19-24
311	7	47	Peter Denies Jesus	<ref onclick="bcv(41,14,66)">Mark 14:66</ref>；<ref onclick="bcv(40,26,69,26,75)">Matt 26:69-75</ref>；<ref onclick="bcv(42,22,56,22,62)">Luke 22:56-62</ref>；<ref onclick="bcv(43,18,15,18,18)">John 18:15-18</ref>，25-27
312	7	48	Pilate Tries Jesus	<ref onclick="bcv(41,15,1)">Mark 15:1</ref>；<ref onclick="bcv(40,27,1,27,2)">Matt 27:1-2</ref>，11-14；<ref onclick="bcv(42,23,1,23,5)">Luke 23:1-5</ref>；<ref onclick="bcv(43,18,28,18,38)">John 18:28-38</ref>
313	7	49	The Death Penalty	<ref onclick="bcv(41,15,6)">Mark 15:6</ref>；<ref onclick="bcv(40,27,15,27,26)">Matt 27:15-26</ref>；<ref onclick="bcv(42,23,13,23,25)">Luke 23:13-25</ref>；<ref onclick="bcv(43,18,39)">John 18:39</ref>- <ref onclick="bcv(43,19,16)">John 19:16</ref>
314	7	50	The Crucification of Jesus	<ref onclick="bcv(41,15,21)">Mark 15:21</ref>；<ref onclick="bcv(40,27,32,27,44)">Matt 27:32-44</ref>；<ref onclick="bcv(42,23,26,23,43)">Luke 23:26-43</ref>；<ref onclick="bcv(43,19,17,19,27)">John 19:17-27</ref>
315	7	51	The Death of Jesus	<ref onclick="bcv(41,15,33)">Mark 15:33</ref>；<ref onclick="bcv(40,27,45,27,56)">Matt 27:45-56</ref>；<ref onclick="bcv(42,23,44,23,49)">Luke 23:44-49</ref>；<ref onclick="bcv(43,19,28,19,30)">John 19:28-30</ref>
316	7	52	Jesus Is Buried	<ref onclick="bcv(41,15,42)">Mark 15:42</ref>；<ref onclick="bcv(40,27,57,27,61)">Matt 27:57-61</ref>；<ref onclick="bcv(42,23,50,23,56)">Luke 23:50-56</ref>；<ref onclick="bcv(43,19,38,19,42)">John 19:38-42</ref>
317	7	53	The Resurrection of Jesus	<ref onclick="bcv(41,16,1)">Mark 16:1</ref>；<ref onclick="bcv(40,28,1,28,8)">Matt 28:1-8</ref>；<ref onclick="bcv(42,24,1,24,12)">Luke 24:1-12</ref>；<ref onclick="bcv(43,20,1,20,10)">John 20:1-10</ref>
318	7	54	Jesus Sent His Disciples	<ref onclick="bcv(41,16,14)">Mark 16:14</ref>；<ref onclick="bcv(40,28,16,28,20)">Matt 28:16-20</ref>；<ref onclick="bcv(42,24,36,24,49)">Luke 24:36-49</ref>；<ref onclick="bcv(43,20,19,20,23)">John 20:19-23</ref>；<ref onclick="bcv(44,1,6,1,8)">Acts 1:6-8</ref>
319	8	1	First Disciples Are Called	<ref onclick="bcv(41,1,16)">Mark 1:16</ref>；<ref onclick="bcv(40,4,18,4,22)">Matt 4:18-22</ref>；<ref onclick="bcv(42,5,1,5,11)">Luke 5:1-11</ref>
320	8	2	A Leper Is Cleansed	<ref onclick="bcv(41,1,40)">Mark 1:40</ref>；<ref onclick="bcv(40,8,1,8,4)">Matt 8:1-4</ref>；<ref onclick="bcv(42,5,12,5,16)">Luke 5:12-16</ref>
321	8	3	Ordaining of the Twelve	<ref onclick="bcv(41,3,13)">Mark 3:13</ref>；<ref onclick="bcv(40,10,1,10,4)">Matt 10:1-4</ref>；<ref onclick="bcv(42,6,12,6,16)">Luke 6:12-16</ref>
322	8	4	Opposition of His Friends	<ref onclick="bcv(41,3,20)">Mark 3:20</ref>；<ref onclick="bcv(40,12,22,12,32)">Matt 12:22-32</ref>；<ref onclick="bcv(42,11,14,11,23)">Luke 11:14-23</ref>； 12:10
323	8	5	Brethren of Jesus	<ref onclick="bcv(41,3,31)">Mark 3:31</ref>；<ref onclick="bcv(40,12,46,12,50)">Matt 12:46-50</ref>；<ref onclick="bcv(42,8,19,8,21)">Luke 8:19-21</ref>
324	8	6	Parable of the Mustard Seed	<ref onclick="bcv(41,4,30)">Mark 4:30</ref>；<ref onclick="bcv(40,13,31,13,32)">Matt 13:31-32</ref>；<ref onclick="bcv(42,13,18,13,19)">Luke 13:18-19</ref>
325	8	7	The Sea Is Calmed	<ref onclick="bcv(41,4,35)">Mark 4:35</ref>；<ref onclick="bcv(40,8,23,8,27)">Matt 8:23-27</ref>；<ref onclick="bcv(42,8,22,8,25)">Luke 8:22-25</ref>
326	8	8	Devils Are Cast into the Swine	<ref onclick="bcv(41,5,1)">Mark 5:1</ref>；<ref onclick="bcv(40,8,28,8,34)">Matt 8:28-34</ref>；<ref onclick="bcv(42,8,26,8,39)">Luke 8:26-39</ref>
327	8	9	Jairus Pleads Christ for His Daughter	<ref onclick="bcv(41,5,21)">Mark 5:21</ref>；<ref onclick="bcv(40,9,18,9,26)">Matt 9:18-26</ref>；<ref onclick="bcv(42,8,40,8,56)">Luke 8:40-56</ref>
328	8	10	Jesus Is Rejected in Nazareth	<ref onclick="bcv(41,6,1)">Mark 6:1</ref>；<ref onclick="bcv(40,13,53,13,58)">Matt 13:53-58</ref>；<ref onclick="bcv(42,4,16,4,30)">Luke 4:16-30</ref>
329	8	11	The Twelve Are Sent to Serve	<ref onclick="bcv(41,6,7)">Mark 6:7</ref>；<ref onclick="bcv(40,10,5,10,15)">Matt 10:5-15</ref>；<ref onclick="bcv(42,9,1,9,6)">Luke 9:1-6</ref>
330	8	12	The Murder of John the Baptist	<ref onclick="bcv(41,6,14)">Mark 6:14</ref>；<ref onclick="bcv(40,14,1,14,12)">Matt 14:1-12</ref>；<ref onclick="bcv(42,9,7,9,9)">Luke 9:7-9</ref>
331	8	13	Marriage and Divorce	<ref onclick="bcv(41,10,1)">Mark 10:1</ref>；<ref onclick="bcv(40,19,1,19,12)">Matt 19:1-12</ref>；<ref onclick="bcv(42,16,18)">Luke 16:18</ref>
332	8	14	The Greatest Commandment	<ref onclick="bcv(41,12,28)">Mark 12:28</ref>；<ref onclick="bcv(40,22,34,22,40)">Matt 22:34-40</ref>；<ref onclick="bcv(42,10,25,10,28)">Luke 10:25-28</ref>
333	9	1	Jesus Spoke in Parables	<ref onclick="bcv(41,4,33)">Mark 4:33</ref>；<ref onclick="bcv(40,13,34)">Matt 13:34</ref>
334	9	2	Jesus Heals at Gennesaret	<ref onclick="bcv(41,6,53)">Mark 6:53</ref>；<ref onclick="bcv(40,14,34,14,36)">Matt 14:34-36</ref>
335	9	3	The Pharisees and Defilement	<ref onclick="bcv(41,7,1)">Mark 7:1</ref>；<ref onclick="bcv(40,15,1,15,20)">Matt 15:1-20</ref>
336	9	4	The Syrophenician's Daughter Is Healed	<ref onclick="bcv(41,7,24)">Mark 7:24</ref>；<ref onclick="bcv(40,15,21,15,28)">Matt 15:21-28</ref>
337	9	5	Jesus Feeds 4,000	<ref onclick="bcv(41,8,1)">Mark 8:1</ref>；<ref onclick="bcv(40,15,32,15,39)">Matt 15:32-39</ref>
338	9	6	Pharisees Desire a Sign from Heaven	<ref onclick="bcv(41,8,11)">Mark 8:11</ref>；<ref onclick="bcv(40,16,1,16,4)">Matt 16:1-4</ref>
339	9	7	The Disciples Do Not Understand	<ref onclick="bcv(41,8,14)">Mark 8:14</ref>；<ref onclick="bcv(40,16,5,16,12)">Matt 16:5-12</ref>
340	9	8	Whosoever Will be Great	<ref onclick="bcv(41,10,35)">Mark 10:35</ref>；<ref onclick="bcv(40,20,20,20,28)">Matt 20:20-28</ref>
341	9	9	Cursing of the Fig Tree	<ref onclick="bcv(41,11,12)">Mark 11:12</ref>；<ref onclick="bcv(40,21,18,21,19)">Matt 21:18-19</ref>
342	9	10	Power of Faith	<ref onclick="bcv(41,11,20)">Mark 11:20</ref>；<ref onclick="bcv(40,21,20,21,22)">Matt 21:20-22</ref>
343	9	11	Exhortation to be Alert	<ref onclick="bcv(41,13,32)">Mark 13:32</ref>；<ref onclick="bcv(40,24,36,24,44)">Matt 24:36-44</ref>
344	10	1	Jesus Walks on Water	<ref onclick="bcv(41,6,45)">Mark 6:45</ref>；<ref onclick="bcv(40,14,22,14,33)">Matt 14:22-33</ref>；<ref onclick="bcv(43,6,16,6,21)">John 6:16-21</ref>
345	10	2	Jesus Anointed in Bethany	<ref onclick="bcv(41,14,3)">Mark 14:3</ref>；<ref onclick="bcv(40,26,6,26,13)">Matt 26:6-13</ref>；<ref onclick="bcv(43,12,1,12,8)">John 12:1-8</ref>
346	10	3	Jesus is Scourged	<ref onclick="bcv(41,15,16)">Mark 15:16</ref>；<ref onclick="bcv(40,27,27,27,31)">Matt 27:27-31</ref>；<ref onclick="bcv(43,19,2,19,3)">John 19:2-3</ref>
347	10	4	The Appearance of Jesus	<ref onclick="bcv(41,16,9)">Mark 16:9</ref>；<ref onclick="bcv(40,28,9,28,10)">Matt 28:9-10</ref>；<ref onclick="bcv(43,20,11,20,18)">John 20:11-18</ref>
348	11	1	Unclean Spirits Are Cast Out	<ref onclick="bcv(41,1,21)">Mark 1:21</ref>；<ref onclick="bcv(42,4,31,4,37)">Luke 4:31-37</ref>
349	11	2	Jesus Preached in Galilee	<ref onclick="bcv(41,1,35)">Mark 1:35</ref>；<ref onclick="bcv(42,4,42,4,44)">Luke 4:42-44</ref>
350	11	3	Parable of the Candle	<ref onclick="bcv(41,4,21)">Mark 4:21</ref>；<ref onclick="bcv(42,8,16,8,18)">Luke 8:16-18</ref>
351	11	4	That is not against us is for us	<ref onclick="bcv(41,9,38)">Mark 9:38</ref>；<ref onclick="bcv(42,9,49,9,50)">Luke 9:49-50</ref>
352	11	5	The Widow's Mite	<ref onclick="bcv(41,12,41)">Mark 12:41</ref>；<ref onclick="bcv(42,21,1,21,4)">Luke 21:1-4</ref>
353	11	6	Appeared to Two Disciples	<ref onclick="bcv(41,16,12)">Mark 16:12</ref>；<ref onclick="bcv(42,24,13,24,35)">Luke 24:13-35</ref>
354	11	7	The Ascension of Jesus	<ref onclick="bcv(41,16,19)">Mark 16:19</ref>；<ref onclick="bcv(42,24,50,24,53)">Luke 24:50-53</ref>；<ref onclick="bcv(44,1,9,1,11)">Acts 1:9-11</ref>
355	12	1	Genealogy of Christ	<ref onclick="bcv(40,1,1)">Matt 1:1</ref>；<ref onclick="bcv(42,3,23,3,38)">Luke 3:23-38</ref>
356	12	2	Birth of Christ	<ref onclick="bcv(40,1,18)">Matt 1:18</ref>；<ref onclick="bcv(42,2,1,2,7)">Luke 2:1-7</ref>
357	12	3	Jesus Ministers in Galilee	<ref onclick="bcv(40,4,23)">Matt 4:23</ref>；<ref onclick="bcv(42,6,17,6,19)">Luke 6:17-19</ref>
358	12	4	The Beatitudes	<ref onclick="bcv(40,5,3)">Matt 5:3</ref>；<ref onclick="bcv(42,6,20,6,23)">Luke 6:20-23</ref>
359	12	5	Vengeance	<ref onclick="bcv(40,5,38)">Matt 5:38</ref>；<ref onclick="bcv(42,6,29,6,30)">Luke 6:29-30</ref>
360	12	6	Love	<ref onclick="bcv(40,5,43)">Matt 5:43</ref>；<ref onclick="bcv(42,6,27,6,28)">Luke 6:27-28</ref>；32-36
361	12	7	Prayer	<ref onclick="bcv(40,6,5)">Matt 6:5</ref>；<ref onclick="bcv(42,11,2,11,4)">Luke 11:2-4</ref>
362	12	8	Treasure	<ref onclick="bcv(40,6,19)">Matt 6:19</ref>；<ref onclick="bcv(42,12,33,12,34)">Luke 12:33-34</ref>
363	12	9	The Light of the Body	<ref onclick="bcv(40,6,22)">Matt 6:22</ref>；<ref onclick="bcv(42,11,34,11,36)">Luke 11:34-36</ref>
364	12	10	Two Masters	<ref onclick="bcv(40,6,24)">Matt 6:24</ref>；<ref onclick="bcv(42,16,13)">Luke 16:13</ref>
365	12	11	Do Not Worry	<ref onclick="bcv(40,6,25)">Matt 6:25</ref>；<ref onclick="bcv(42,12,22,12,31)">Luke 12:22-31</ref>
366	12	12	Judgment	<ref onclick="bcv(40,7,1)">Matt 7:1</ref>；<ref onclick="bcv(42,6,37,6,38)">Luke 6:37-38</ref>，41-42
367	12	13	Ask and it shall be given	<ref onclick="bcv(40,7,7)">Matt 7:7</ref>；<ref onclick="bcv(42,11,9,11,13)">Luke 11:9-13</ref>
368	12	14	Two Ways of Life	<ref onclick="bcv(40,7,13)">Matt 7:13</ref>；<ref onclick="bcv(42,13,24)">Luke 13:24</ref>
369	12	15	False and True Teaching	<ref onclick="bcv(40,7,15)">Matt 7:15</ref>；<ref onclick="bcv(42,6,43,6,44)">Luke 6:43-44</ref>
370	12	16	One True Way into the Kingdom	<ref onclick="bcv(40,7,21)">Matt 7:21</ref>；<ref onclick="bcv(42,13,25,13,27)">Luke 13:25-27</ref>
371	12	17	The Parable of the Two Builders	<ref onclick="bcv(40,7,24)">Matt 7:24</ref>；<ref onclick="bcv(42,6,46,6,49)">Luke 6:46-49</ref>
372	12	18	Centurion's Servant Is Healed	<ref onclick="bcv(40,8,5)">Matt 8:5</ref>；<ref onclick="bcv(42,7,1,7,10)">Luke 7:1-10</ref>
373	12	19	Requirements of Discipleship	<ref onclick="bcv(40,8,18)">Matt 8:18</ref>；<ref onclick="bcv(42,9,57,9,62)">Luke 9:57-62</ref>
374	12	20	Fear them Not	<ref onclick="bcv(40,10,26)">Matt 10:26</ref>；<ref onclick="bcv(42,12,2,12,7)">Luke 12:2-7</ref>
375	12	21	Confess Jesus	<ref onclick="bcv(40,10,32)">Matt 10:32</ref>；<ref onclick="bcv(42,12,8,12,9)">Luke 12:8-9</ref>
376	12	22	Not to Send Peace, but a Sword	<ref onclick="bcv(40,10,34)">Matt 10:34</ref>；<ref onclick="bcv(42,12,51,12,53)">Luke 12:51-53</ref>； 14:26-27
377	12	23	Rejection of John the Baptist	<ref onclick="bcv(40,11,2)">Matt 11:2</ref>；<ref onclick="bcv(42,7,18,7,35)">Luke 7:18-35</ref>
378	12	24	Rejection of Chorazin, Bethsaida, and Capernaum	<ref onclick="bcv(40,11,20)">Matt 11:20</ref>；<ref onclick="bcv(42,10,13,10,15)">Luke 10:13-15</ref>
379	12	25	Come to Jesus	<ref onclick="bcv(40,11,25)">Matt 11:25</ref>；<ref onclick="bcv(42,10,21,10,22)">Luke 10:21-22</ref>
380	12	26	Tree and Fruit	<ref onclick="bcv(40,12,33)">Matt 12:33</ref>；<ref onclick="bcv(42,6,43,6,45)">Luke 6:43-45</ref>
381	12	27	Unclean Spirits	<ref onclick="bcv(40,12,43)">Matt 12:43</ref>；<ref onclick="bcv(42,11,24,11,26)">Luke 11:24-26</ref>
382	12	28	Parable of Lost Sheep	<ref onclick="bcv(40,18,10)">Matt 18:10</ref>；<ref onclick="bcv(42,15,3,15,7)">Luke 15:3-7</ref>
383	12	29	Parable of the Marriage Feast	<ref onclick="bcv(40,22,1)">Matt 22:1</ref>；<ref onclick="bcv(42,14,15,14,24)">Luke 14:15-24</ref>
384	12	30	Jesus Laments over Jerusalem	<ref onclick="bcv(40,23,37)">Matt 23:37</ref>；<ref onclick="bcv(42,13,34,13,35)">Luke 13:34-35</ref>
385	12	31	Example of the Two Servants	<ref onclick="bcv(40,24,45)">Matt 24:45</ref>；<ref onclick="bcv(42,12,41,12,48)">Luke 12:41-48</ref>
386	12	32	Parable of the Talents	<ref onclick="bcv(40,25,14)">Matt 25:14</ref>；<ref onclick="bcv(42,19,11,19,27)">Luke 19:11-27</ref>
387	13	1	A Great Multitude from Galilee	<ref onclick="bcv(41,3,7)">Mark 3:7</ref>
388	13	2	Parable of the Growing Seed	<ref onclick="bcv(41,4,26)">Mark 4:26</ref>
389	13	3	Deaf and Dumb Man Is Healed	<ref onclick="bcv(41,7,31)">Mark 7:31</ref>
390	13	4	A Blind Man Is Healed	<ref onclick="bcv(41,8,22)">Mark 8:22</ref>
391	13	5	A Naked Man Fled	<ref onclick="bcv(41,14,51)">Mark 14:51</ref>
392	14	1	Visitation of the Wise Men	<ref onclick="bcv(40,2,1)">Matt 2:1</ref>
393	14	2	Flight into Egypt	<ref onclick="bcv(40,2,13)">Matt 2:13</ref>
394	14	3	Slaying of the Children in Bethlehem	<ref onclick="bcv(40,2,16)">Matt 2:16</ref>
395	14	4	Jesus Dwells in Nazareth	<ref onclick="bcv(40,2,19)">Matt 2:19</ref>
396	14	5	The Beatitudes	<ref onclick="bcv(40,5,1)">Matt 5:1</ref>
397	14	6	Jesus Fulfills the Law	<ref onclick="bcv(40,5,17)">Matt 5:17</ref>
398	14	7	Anger	<ref onclick="bcv(40,5,21)">Matt 5:21</ref>
399	14	8	Adultery	<ref onclick="bcv(40,5,27)">Matt 5:27</ref>
400	14	9	Oaths	<ref onclick="bcv(40,5,33)">Matt 5:33</ref>
401	14	10	Giving of Alms	<ref onclick="bcv(40,6,1)">Matt 6:1</ref>
402	14	11	Fasting	<ref onclick="bcv(40,6,16)">Matt 6:16</ref>
403	14	12	Christ Heals the Blind	<ref onclick="bcv(40,9,27)">Matt 9:27</ref>
404	14	13	Christ Heals the Dumb	<ref onclick="bcv(40,9,32)">Matt 9:32</ref>
405	14	14	Pray to the Lord of the Harvest	<ref onclick="bcv(40,9,35)">Matt 9:35</ref>
406	14	15	Servant of the Lord	<ref onclick="bcv(40,12,15)">Matt 12:15</ref>
407	14	16	Parable of the Wheat and Tares	<ref onclick="bcv(40,13,24)">Matt 13:24</ref>
408	14	17	Parable of the Tares Declared	<ref onclick="bcv(40,13,36)">Matt 13:36</ref>
409	14	18	Parable of the Hidden Treasure	<ref onclick="bcv(40,13,44)">Matt 13:44</ref>
410	14	19	Parable of the Householder	<ref onclick="bcv(40,13,51)">Matt 13:51</ref>
411	14	20	Jesus Heals the Multitudes	<ref onclick="bcv(40,15,29)">Matt 15:29</ref>
412	14	21	The Tribute Money	<ref onclick="bcv(40,17,24)">Matt 17:24</ref>
413	14	22	The Offended Brother	<ref onclick="bcv(40,18,15)">Matt 18:15</ref>
414	14	23	Forgiveness	<ref onclick="bcv(40,18,21)">Matt 18:21</ref>
415	14	24	Parable of the Laborers	<ref onclick="bcv(40,20,1)">Matt 20:1</ref>
416	14	25	Parable of the Two Sons	<ref onclick="bcv(40,21,28)">Matt 21:28</ref>
417	14	26	Parable of the Ten Virgins	<ref onclick="bcv(40,25,1)">Matt 25:1</ref>
418	14	27	Judgment on the Gentiles	<ref onclick="bcv(40,25,31)">Matt 25:31</ref>
419	14	28	Judas Repents	<ref onclick="bcv(40,27,3)">Matt 27:3</ref>；<ref onclick="bcv(44,1,18,1,19)">Acts 1:18-19</ref>
420	14	29	The Sealed Stone	<ref onclick="bcv(40,27,62)">Matt 27:62</ref>
421	14	30	Bribery of the Soldiers	<ref onclick="bcv(40,28,11)">Matt 28:11</ref>
422	15	1	To Theophilus	<ref onclick="bcv(42,1,2)">Luke 1:2</ref>
423	15	2	Zacharias Ministers in the Temple	<ref onclick="bcv(42,1,5)">Luke 1:5</ref>
424	15	3	Gabriel Announces the Birth of Christ	<ref onclick="bcv(42,1,26)">Luke 1:26</ref>
425	15	4	Visitation of Mary to Elisabeth	<ref onclick="bcv(42,1,39)">Luke 1:39</ref>
426	15	5	The Song of Mary	<ref onclick="bcv(42,1,46)">Luke 1:46</ref>
427	15	6	Elizabeth Gives Birth to John	<ref onclick="bcv(42,1,57)">Luke 1:57</ref>
428	15	7	Zacharias Prophecies the Ministry of John	<ref onclick="bcv(42,1,67)">Luke 1:67</ref>
429	15	8	Angels Announce Jesus to the Shepherds	<ref onclick="bcv(42,2,8)">Luke 2:8</ref>
430	15	9	Dedication in the Temple	<ref onclick="bcv(42,2,22)">Luke 2:22</ref>
431	15	10	Jesus Returns to Nazareth	<ref onclick="bcv(42,2,39)">Luke 2:39</ref>
432	15	11	Jesus Celebrates the Passover	<ref onclick="bcv(42,2,41)">Luke 2:41</ref>
433	15	12	A Widow's Son Is Raised from the Dead	<ref onclick="bcv(42,7,11)">Luke 7:11</ref>
434	15	13	A Woman Anoints the Feet of Jesus	<ref onclick="bcv(42,7,36)">Luke 7:36</ref>
435	15	14	Certain Women Minister to Christ	<ref onclick="bcv(42,8,1)">Luke 8:1</ref>
436	15	15	Christ Is Rejected in Samaria	<ref onclick="bcv(42,9,51)">Luke 9:51</ref>
437	15	16	Service of the Seventy	<ref onclick="bcv(42,10,1)">Luke 10:1</ref>
438	15	17	Return of the Seventy	<ref onclick="bcv(42,10,17)">Luke 10:17</ref>
439	15	18	How to Inherit Eternal Life	<ref onclick="bcv(42,10,25)">Luke 10:25</ref>
440	15	19	Christ Is Received by Mary and Martha	<ref onclick="bcv(42,10,38)">Luke 10:38</ref>
441	15	20	Blessed Ones	<ref onclick="bcv(42,11,27)">Luke 11:27</ref>
442	15	21	Parable of the Rich Fool	<ref onclick="bcv(42,12,13)">Luke 12:13</ref>
443	15	22	Christ Teaches on Repentance	<ref onclick="bcv(42,13,1)">Luke 13:1</ref>
444	15	23	Fruitless Fig Tree	<ref onclick="bcv(42,13,6)">Luke 13:6</ref>
445	15	24	Christ Heals the Woman with the Infirmity	<ref onclick="bcv(42,13,10)">Luke 13:10</ref>
446	15	25	Teachings on the Sabbath	<ref onclick="bcv(42,14,1)">Luke 14:1</ref>
447	15	26	Parable of the Exalted Guest	<ref onclick="bcv(42,14,7)">Luke 14:7</ref>
448	15	27	Parable of the Lost Piece of Silver	<ref onclick="bcv(42,15,8)">Luke 15:8</ref>
449	15	28	Parable of the Lost Son	<ref onclick="bcv(42,15,11)">Luke 15:11</ref>
450	15	29	Parable of the Unjust Servant	<ref onclick="bcv(42,16,1)">Luke 16:1</ref>
451	15	30	Parable of the Rich Man and Lazarus	<ref onclick="bcv(42,16,19)">Luke 16:19</ref>
452	15	31	Christ Cleanses Ten Lepers	<ref onclick="bcv(42,17,11)">Luke 17:11</ref>
453	15	32	Parable of the Woman and the Judge	<ref onclick="bcv(42,18,1)">Luke 18:1</ref>
454	15	33	Parable of the Pharisee and the Publican	<ref onclick="bcv(42,18,9)">Luke 18:9</ref>
455	15	34	Christ Abides with Zacchaeus	<ref onclick="bcv(42,19,1)">Luke 19:1</ref>
456	15	35	Parable of the Fig Tree	<ref onclick="bcv(42,21,29)">Luke 21:29</ref>
457	15	36	Warning to Watch and Pray	<ref onclick="bcv(42,21,34)">Luke 21:34</ref>
458	15	37	Disciples Argue over Who Will Be the Greatest	<ref onclick="bcv(42,22,24)">Luke 22:24</ref>
459	15	38	Christ Predicts a Coming Conflict	<ref onclick="bcv(42,22,35)">Luke 22:35</ref>
460	15	39	Pilate Despised Jesus	<ref onclick="bcv(42,23,6)">Luke 23:6</ref>
461	16	1	Deity of Christ	<ref onclick="bcv(43,1,1)">John 1:1</ref>
462	16	2	John's Witness at Christ's Baptism	<ref onclick="bcv(43,1,29)">John 1:29</ref>
463	16	3	Andrew and Peter Follow Christ	<ref onclick="bcv(43,1,35)">John 1:35</ref>
464	16	4	Philip and Nathanael Follow Christ	<ref onclick="bcv(43,1,43)">John 1:43</ref>
465	16	5	Christ Changes the Water into Wine	<ref onclick="bcv(43,2,1)">John 2:1</ref>
466	16	6	Jesus Knew All Men	<ref onclick="bcv(43,2,23)">John 2:23</ref>
467	16	7	Christ Witnesses to Nicodemus	<ref onclick="bcv(43,3,1)">John 3:1</ref>
468	16	8	John's Witness Concerning Christ	<ref onclick="bcv(43,3,22)">John 3:22</ref>
469	16	9	The One from Heaven	<ref onclick="bcv(43,3,31)">John 3:31</ref>
470	16	10	Christ Witnesses to the Women at the Well	<ref onclick="bcv(43,4,1)">John 4:1</ref>
471	16	11	Christ Is Received by the Galileans	<ref onclick="bcv(43,4,43)">John 4:43</ref>
472	16	12	Christ Heals the Paralytic Man	<ref onclick="bcv(43,5,1)">John 5:1</ref>
473	16	13	Equality with God in Power	<ref onclick="bcv(43,5,19)">John 5:19</ref>
474	16	14	The Witness of John the Baptist	<ref onclick="bcv(43,5,31)">John 5:31</ref>
475	16	15	I am the Bread of Life	<ref onclick="bcv(43,6,22)">John 6:22</ref>
476	16	16	Rejection by Many Followers	<ref onclick="bcv(43,6,60)">John 6:60</ref>
477	16	17	Christ's Brethren Do Not Believe	<ref onclick="bcv(43,7,1)">John 7:1</ref>
478	16	18	Christ Goes Up to the Feast in Secret	<ref onclick="bcv(43,7,10)">John 7:10</ref>
479	16	19	Christ's Origin Is from the Father	<ref onclick="bcv(43,7,25)">John 7:25</ref>
480	16	20	Departure of Christ to the Father	<ref onclick="bcv(43,7,32)">John 7:32</ref>
481	16	21	Christ Reveals the \"Living Water\"	<ref onclick="bcv(43,7,37)">John 7:37</ref>
482	16	22	Israel Is Divided over Christ	<ref onclick="bcv(43,7,40)">John 7:40</ref>
483	16	23	The Sanhedrin Is Confused over Christ	<ref onclick="bcv(43,7,45)">John 7:45</ref>
484	16	24	A Woman Is Taken in Adultery	<ref onclick="bcv(43,8,1)">John 8:1</ref>
485	16	25	I am the Light of the World	<ref onclick="bcv(43,8,12)">John 8:12</ref>
486	16	26	Whither I go, you cannot come	<ref onclick="bcv(43,8,21)">John 8:21</ref>
487	16	27	Truth should make you free	<ref onclick="bcv(43,8,31)">John 8:31</ref>
488	16	28	Ye are of your father the devil	<ref onclick="bcv(43,8,39)">John 8:39</ref>
489	16	29	Before Abraham was, I am	<ref onclick="bcv(43,8,48)">John 8:48</ref>
490	16	30	Christ Heals the Blind Man	<ref onclick="bcv(43,9,1)">John 9:1</ref>
491	16	31	Pharisees Questioned the born-blind man	<ref onclick="bcv(43,9,13)">John 9:13</ref>
492	16	32	Spiritual Blindness	<ref onclick="bcv(43,9,35)">John 9:35</ref>
493	16	33	I am the Good Shepherd	<ref onclick="bcv(43,10,1)">John 10:1</ref>
494	16	34	Good Shepherd	<ref onclick="bcv(43,10,7)">John 10:7</ref>
495	16	35	The Opposition at the Feast of Dedication	<ref onclick="bcv(43,10,22)">John 10:22</ref>
496	16	36	Christ Raises Lazarus	<ref onclick="bcv(43,11,1)">John 11:1</ref>
497	16	37	I am the Resurrection and the Life	<ref onclick="bcv(43,11,17)">John 11:17</ref>
498	16	38	Jesus Wept	<ref onclick="bcv(43,11,28)">John 11:28</ref>
499	16	39	Christ Raises Lazarus	<ref onclick="bcv(43,11,38)">John 11:38</ref>
500	16	40	Plot to Kill Lazarus	<ref onclick="bcv(43,12,9)">John 12:9</ref>
501	16	41	Certain Greeks Came to See Jesus	<ref onclick="bcv(43,12,20)">John 12:20</ref>
502	16	42	The Lifting of the Sone of Man	<ref onclick="bcv(43,12,27)">John 12:27</ref>
503	16	43	Disbelief after Many Miracles	<ref onclick="bcv(43,12,36)">John 12:36</ref>
504	16	44	Jesus' Words shall Judge	<ref onclick="bcv(43,12,44)">John 12:44</ref>
505	16	45	Christ Washes the Feet of the Disciples	<ref onclick="bcv(43,13,1)">John 13:1</ref>
506	16	46	Christ Announces His Departure	<ref onclick="bcv(43,13,31)">John 13:31</ref>
507	16	47	Christ Comforts His Disciples	<ref onclick="bcv(43,14,1)">John 14:1</ref>
508	16	48	Promise of the Holy Spirit	<ref onclick="bcv(43,14,15)">John 14:15</ref>
509	16	49	Believer's Relationship to Christ	<ref onclick="bcv(43,15,1)">John 15:1</ref>
510	16	50	Believer's Relationship to the World	<ref onclick="bcv(43,15,18)">John 15:18</ref>
511	16	51	The Work of the Holy Spirit	<ref onclick="bcv(43,16,4)">John 16:4</ref>
512	16	52	Sorrow shall be Turned into Joy	<ref onclick="bcv(43,16,17)">John 16:17</ref>
513	16	53	I have Overcome the World	<ref onclick="bcv(43,16,25)">John 16:25</ref>
514	16	54	Christ's Prayer for Himself	<ref onclick="bcv(43,17,1)">John 17:1</ref>
515	16	55	First Jewish Trial Before Annas	<ref onclick="bcv(43,18,12)">John 18:12</ref>
516	16	56	A Spear Pierced His Side	<ref onclick="bcv(43,19,31)">John 19:31</ref>
517	16	57	Jesus and Thomas	<ref onclick="bcv(43,20,24)">John 20:24</ref>
518	16	58	Purpose of John	<ref onclick="bcv(43,20,30)">John 20:30</ref>
519	16	59	Christ Appears to the Seven Disciples	<ref onclick="bcv(43,21,1)">John 21:1</ref>
520	16	60	Christ Speaks to Peter	<ref onclick="bcv(43,21,15)">John 21:15</ref>
521	16	61	The Disciple Whom Jesus Loved	<ref onclick="bcv(43,21,20)">John 21:20</ref>
